Asset,Date,Open,High,Low,Close,AdjClose,Volume
DJI,2015-08-10,17375.18,17629.13,17375.18,17615.17,17615.17,924300
DJI,2015-08-11,17593.59,17593.59,17352.63,17402.84,17402.84,1030100
DJI,2015-08-12,17382.93,17423.9,17125.81,17402.51,17402.51,1204000
DJI,2015-08-13,17401.64,17481.78,17341.34,17408.25,17408.25,885500
DJI,2015-08-14,17410.12,17492.9,17394.06,17477.4,17477.4,821200
DJI,2015-08-17,17472.66,17551.4,17341.72,17545.18,17545.18,733800
DJI,2015-08-18,17537.3,17568.4,17486.42,17511.34,17511.34,799000
DJI,2015-08-19,17508.74,17517.19,17282.42,17348.73,17348.73,1047200
DJI,2015-08-20,17345.32,17345.32,16990.69,16990.69,16990.69,1285300
DJI,2015-08-21,16990.69,16990.69,16459.55,16459.75,16459.75,2251700
DJI,2015-08-24,16459.75,16459.75,15370.33,15871.35,15871.35,2939200
DJI,2015-08-25,15882.27,16312.94,15651.24,15666.44,15666.44,2132200
DJI,2015-08-26,15676.26,16303.75,15676.26,16285.51,16285.51,2084200
DJI,2015-08-27,16285.51,16666.69,16285.51,16654.77,16654.77,1719800
DJI,2015-08-28,16649.42,16669.97,16535.18,16643.01,16643.01,1317900
DJI,2015-08-31,16632.02,16632.02,16444.05,16528.03,16528.03,1414400
DJI,2015-09-01,16528.03,16528.03,15979.95,16058.35,16058.35,1713900
DJI,2015-09-02,16058.35,16352.58,16058.35,16351.38,16351.38,1334800
DJI,2015-09-03,16364.34,16550.07,16317.31,16374.76,16374.76,1097300
DJI,2015-09-04,16371.76,16371.76,16026.61,16102.38,16102.38,1272700
DJI,2015-09-08,16109.93,16503.41,16109.93,16492.68,16492.68,1238700
DJI,2015-09-09,16505.04,16664.65,16220.1,16253.57,16253.57,1187900
DJI,2015-09-10,16252.57,16441.94,16212.08,16330.4,16330.4,1226900
DJI,2015-09-11,16330.4,16434.76,16244.65,16433.09,16433.09,1046300
DJI,2015-09-14,16450.86,16450.86,16330.87,16370.96,16370.96,926600
DJI,2015-09-15,16382.58,16644.11,16382.58,16599.85,16599.85,930500
DJI,2015-09-16,16599.51,16755.98,16593.9,16739.95,16739.95,996200
DJI,2015-09-17,16738.08,16933.43,16639.93,16674.74,16674.74,1296000
DJI,2015-09-18,16674.74,16674.74,16343.76,16384.58,16384.58,3416900
DJI,2015-09-21,16406.1,16578.6,16391.88,16510.19,16510.19,907300
DJI,2015-09-22,16477.45,16477.45,16221.73,16330.47,16330.47,1190100
DJI,2015-09-23,16332.81,16355.29,16211.98,16279.89,16279.89,860300
DJI,2015-09-24,16257.11,16257.11,16016.36,16201.32,16201.32,1222200
DJI,2015-09-25,16205.07,16465.23,16205.07,16314.67,16314.67,1307900
DJI,2015-09-28,16313.26,16313.26,15981.85,16001.89,16001.89,1399300
DJI,2015-09-29,16001.76,16118.89,15942.37,16049.13,16049.13,1211600
DJI,2015-09-30,16057.08,16297.6,16057.08,16284.7,16284.7,1457400
DJI,2015-10-01,16278.62,16348.87,16073.82,16272.01,16272.01,1114200
DJI,2015-10-02,16258.25,16472.77,16013.66,16472.37,16472.37,1368700
DJI,2015-10-05,16502.1,16798.37,16502.1,16776.43,16776.43,1276600
DJI,2015-10-06,16774.02,16865.09,16746.03,16790.19,16790.19,1200100
DJI,2015-10-07,16805.42,16963.3,16765,16912.29,16912.29,1156900
DJI,2015-10-08,16904.17,17081.28,16859.34,17050.75,17050.75,1007300
DJI,2015-10-09,17054.69,17110.88,17027.23,17084.49,17084.49,1037300
DJI,2015-10-12,17082.29,17139.21,17064.58,17131.86,17131.86,725000
DJI,2015-10-13,17113.55,17172.81,17034.45,17081.89,17081.89,994000
DJI,2015-10-14,17079.08,17111.38,16887.67,16924.75,16924.75,1201100
DJI,2015-10-15,16944.86,17144.42,16933.57,17141.75,17141.75,1229600
DJI,2015-10-16,17141.75,17220.02,17107.35,17215.97,17215.97,1458800
DJI,2015-10-19,17209.43,17235.95,17129.19,17230.54,17230.54,1184300
DJI,2015-10-20,17228.47,17264.88,17147.99,17217.11,17217.11,1066700
DJI,2015-10-21,17225.93,17314.99,17153.13,17168.61,17168.61,1071000
DJI,2015-10-22,17180.88,17505.18,17180.88,17489.16,17489.16,1524200
DJI,2015-10-23,17525.11,17679.37,17525.11,17646.7,17646.7,1580900
DJI,2015-10-26,17649.57,17660.7,17602.51,17623.05,17623.05,1166600
DJI,2015-10-27,17608.89,17635.18,17540.57,17581.43,17581.43,1139600
DJI,2015-10-28,17586.69,17779.95,17556.71,17779.52,17779.52,1156300
DJI,2015-10-29,17771.5,17786,17684.72,17755.8,17755.8,903000
DJI,2015-10-30,17756.6,17799.96,17662.87,17663.54,17663.54,1492500
DJI,2015-11-02,17672.62,17845.9,17655.02,17828.76,17828.76,1008400
DJI,2015-11-03,17819.74,17977.85,17796.02,17918.15,17918.15,922900
DJI,2015-11-04,17929.58,17964.12,17828.83,17867.58,17867.58,998900
DJI,2015-11-05,17871.25,17929.51,17779.19,17863.43,17863.43,989100
DJI,2015-11-06,17855.22,17912.04,17768.6,17910.33,17910.33,1074500
DJI,2015-11-09,17900.78,17900.78,17667.78,17730.48,17730.48,1212100
DJI,2015-11-10,17724.13,17768.66,17657.72,17758.21,17758.21,1086400
DJI,2015-11-11,17769.5,17807.18,17696.91,17702.22,17702.22,952300
DJI,2015-11-12,17691.93,17691.93,17443.5,17448.07,17448.07,1136600
DJI,2015-11-13,17439.25,17439.25,17238.89,17245.24,17245.24,1346400
DJI,2015-11-16,17229.94,17483.01,17210.43,17483.01,17483.01,1375900
DJI,2015-11-17,17486.99,17599.33,17451.41,17489.5,17489.5,1671900
DJI,2015-11-18,17485.49,17752.16,17485.49,17737.16,17737.16,1068100
DJI,2015-11-19,17739.83,17772.97,17681.98,17732.75,17732.75,1146300
DJI,2015-11-20,17732.75,17914.34,17732.75,17823.81,17823.81,1531400
DJI,2015-11-23,17823.61,17868.18,17751.53,17792.68,17792.68,1346800
DJI,2015-11-24,17770.9,17862.6,17683.51,17812.19,17812.19,1271700
DJI,2015-11-25,17820.81,17854.92,17801.83,17813.39,17813.39,825400
DJI,2015-11-27,17806.04,17830.36,17749.32,17813.39,17813.39,825400
DJI,2015-11-30,17802.84,17837.24,17719.79,17719.92,17719.92,1555600
DJI,2015-12-01,17719.72,17895.5,17719.72,17888.35,17888.35,1038800
DJI,2015-12-02,17883.14,17901.58,17708.2,17729.68,17729.68,1028600
DJI,2015-12-03,17741.57,17780.59,17425.56,17477.67,17477.67,1269900
DJI,2015-12-04,17482.68,17866.47,17482.68,17847.63,17847.63,1376500
DJI,2015-12-07,17845.49,17845.49,17639.25,17730.51,17730.51,996700
DJI,2015-12-08,17703.99,17703.99,17485.39,17568,17568,1137200
DJI,2015-12-09,17558.18,17767.69,17403.51,17492.3,17492.3,1220200
DJI,2015-12-10,17493.17,17697.74,17474.66,17574.75,17574.75,1073100
DJI,2015-12-11,17574.75,17574.75,17230.5,17265.21,17265.21,1345100
DJI,2015-12-14,17277.11,17378.02,17138.47,17368.5,17368.5,1425400
DJI,2015-12-15,17374.78,17627.63,17341.18,17524.91,17524.91,1234300
DJI,2015-12-16,17530.85,17784.36,17483.68,17749.09,17749.09,1237900
DJI,2015-12-17,17756.54,17796.76,17493.5,17495.84,17495.84,1157800
DJI,2015-12-18,17495.04,17496.58,17124.31,17128.55,17128.55,3445600
DJI,2015-12-21,17154.94,17272.36,17116.73,17251.62,17251.62,1149100
DJI,2015-12-22,17253.55,17451.11,17242.86,17417.27,17417.27,915700
DJI,2015-12-23,17427.63,17607.92,17427.63,17602.61,17602.61,928200
DJI,2015-12-24,17593.26,17606.34,17543.95,17552.17,17552.17,403500
DJI,2015-12-28,17535.66,17536.9,17437.34,17528.27,17528.27,597700
DJI,2015-12-29,17547.37,17750.02,17547.37,17720.98,17720.98,698600
DJI,2015-12-30,17711.94,17714.13,17588.87,17603.87,17603.87,597600
DJI,2015-12-31,17590.66,17590.66,17421.16,17425.03,17425.03,936900
DJI,2016-01-04,17405.48,17405.48,16957.63,17148.94,17148.94,1480600
DJI,2016-01-05,17147.5,17195.84,17038.61,17158.66,17158.66,1057500
DJI,2016-01-06,17154.83,17154.83,16817.62,16906.51,16906.51,1202500
DJI,2016-01-07,16888.36,16888.36,16463.63,16514.1,16514.1,1762400
DJI,2016-01-08,16519.17,16651.89,16314.57,16346.45,16346.45,1418500
DJI,2016-01-11,16358.71,16461.85,16232.03,16398.57,16398.57,1277900
DJI,2016-01-12,16419.11,16591.35,16322.07,16516.22,16516.22,1174800
DJI,2016-01-13,16526.63,16593.51,16123.2,16151.41,16151.41,1535300
DJI,2016-01-14,16159.01,16482.05,16075.12,16379.05,16379.05,1588300
DJI,2016-01-15,16354.33,16354.33,15842.11,15988.08,15988.08,2392100
DJI,2016-01-19,16009.45,16171.96,15900.25,16016.02,16016.02,1443600
DJI,2016-01-20,15989.45,15989.45,15450.56,15766.74,15766.74,1918700
DJI,2016-01-21,15768.87,16038.59,15704.66,15882.68,15882.68,1451400
DJI,2016-01-22,15921.1,16136.79,15921.1,16093.51,16093.51,1458500
DJI,2016-01-25,16086.46,16086.46,15880.15,15885.22,15885.22,1232500
DJI,2016-01-26,15893.16,16185.79,15893.16,16167.23,16167.23,1182100
DJI,2016-01-27,16168.74,16235.03,15878.3,15944.46,15944.46,1383500
DJI,2016-01-28,15960.28,16102.14,15863.72,16069.64,16069.64,1301200
DJI,2016-01-29,16090.26,16466.3,16090.26,16466.3,16466.3,2179400
DJI,2016-02-01,16453.63,16510.98,16299.47,16449.18,16449.18,1144500
DJI,2016-02-02,16420.21,16420.21,16108.44,16153.54,16153.54,1262100
DJI,2016-02-03,16186.2,16381.69,15960.45,16336.66,16336.66,1418700
DJI,2016-02-04,16329.67,16485.84,16266.16,16416.58,16416.58,1314900
DJI,2016-02-05,16417.95,16423.63,16129.81,16204.97,16204.97,1390100
DJI,2016-02-08,16147.51,16147.51,15803.55,16027.05,16027.05,1658800
DJI,2016-02-09,16005.41,16136.62,15881.11,16014.38,16014.38,1277400
DJI,2016-02-10,16035.61,16201.89,15899.91,15914.74,15914.74,1222900
DJI,2016-02-11,15897.82,15897.82,15503.01,15660.18,15660.18,1720700
DJI,2016-02-12,15691.62,15974.04,15691.62,15973.84,15973.84,1325500
DJI,2016-02-16,16012.39,16196.41,16012.39,16196.41,16196.41,1420300
DJI,2016-02-17,16217.98,16486.12,16217.98,16453.83,16453.83,1240800
DJI,2016-02-18,16483.76,16511.84,16390.43,16413.43,16413.43,1049500
DJI,2016-02-19,16410.96,16410.96,16278,16391.99,16391.99,1343400
DJI,2016-02-22,16417.13,16664.24,16417.13,16620.66,16620.66,1022400
DJI,2016-02-23,16610.39,16610.39,16403.53,16431.78,16431.78,981700
DJI,2016-02-24,16418.84,16507.39,16165.86,16484.99,16484.99,936200
DJI,2016-02-25,16504.38,16697.98,16458.42,16697.29,16697.29,941200
DJI,2016-02-26,16712.7,16795.98,16623.91,16639.97,16639.97,984800
DJI,2016-02-29,16634.15,16726.12,16510.4,16516.5,16516.5,1262200
DJI,2016-03-01,16545.67,16865.56,16545.67,16865.08,16865.08,1050500
DJI,2016-03-02,16851.17,16900.17,16766.32,16899.32,16899.32,1044700
DJI,2016-03-03,16896.17,16944.31,16820.73,16943.9,16943.9,911100
DJI,2016-03-04,16945,17062.38,16898.84,17006.77,17006.77,1069100
DJI,2016-03-07,16991.29,17099.25,16940.48,17073.95,17073.95,1002900
DJI,2016-03-08,17050.67,17072.79,16921.51,16964.1,16964.1,1083800
DJI,2016-03-09,16969.17,17048.5,16947.94,17000.36,17000.36,1166900
DJI,2016-03-10,17006.05,17130.11,16821.86,16995.13,16995.13,1175700
DJI,2016-03-11,17014.99,17220.09,17014.99,17213.31,17213.31,1234200
DJI,2016-03-14,17207.49,17275.07,17161.16,17229.13,17229.13,963500
DJI,2016-03-15,17217.15,17251.7,17120.35,17251.53,17251.53,928300
DJI,2016-03-16,17249.34,17379.18,17204.07,17325.76,17325.76,1187100
DJI,2016-03-17,17321.38,17529.01,17297.65,17481.49,17481.49,1179900
DJI,2016-03-18,17481.49,17620.58,17481.49,17602.3,17602.3,3212300
DJI,2016-03-21,17589.7,17644.97,17551.28,17623.87,17623.87,844100
DJI,2016-03-22,17602.71,17648.94,17540.42,17582.57,17582.57,954500
DJI,2016-03-23,17588.81,17588.81,17486.27,17502.59,17502.59,842400
DJI,2016-03-24,17485.33,17517.14,17399.01,17515.73,17515.73,841000
DJI,2016-03-28,17526.08,17583.81,17493.03,17535.39,17535.39,704600
DJI,2016-03-29,17512.58,17642.81,17434.27,17633.11,17633.11,861600
DJI,2016-03-30,17652.36,17790.11,17652.36,17716.66,17716.66,793300
DJI,2016-03-31,17716.05,17755.7,17669.72,17685.09,17685.09,1026000
DJI,2016-04-01,17661.74,17811.48,17568.02,17792.75,17792.75,1048900
DJI,2016-04-04,17799.39,17806.38,17710.67,17737,17737,852300
DJI,2016-04-05,17718.03,17718.03,17579.56,17603.32,17603.32,1152300
DJI,2016-04-06,17605.45,17723.55,17542.54,17716.05,17716.05,994100
DJI,2016-04-07,17687.28,17687.28,17484.23,17541.96,17541.96,901200
DJI,2016-04-08,17555.39,17694.51,17528.16,17576.96,17576.96,799900
DJI,2016-04-11,17586.48,17731.63,17555.9,17556.41,17556.41,1071000
DJI,2016-04-12,17571.34,17744.43,17553.57,17721.25,17721.25,810200
DJI,2016-04-13,17741.66,17918.35,17741.66,17908.28,17908.28,917100
DJI,2016-04-14,17912.25,17962.14,17885.44,17926.43,17926.43,845100
DJI,2016-04-15,17925.95,17937.65,17867.41,17897.46,17897.46,1181600
DJI,2016-04-18,17890.2,18009.53,17848.22,18004.16,18004.16,893900
DJI,2016-04-19,18012.1,18103.46,17984.43,18053.6,18053.6,898200
DJI,2016-04-20,18059.49,18167.63,18031.21,18096.27,18096.27,1002100
DJI,2016-04-21,18092.84,18107.29,17963.89,17982.52,17982.52,1027200
DJI,2016-04-22,17985.05,18026.85,17909.89,18003.75,18003.75,1341200
DJI,2016-04-25,17990.94,17990.94,17855.55,17977.24,17977.24,837700
DJI,2016-04-26,17987.38,18043.77,17934.17,17990.32,17990.32,925700
DJI,2016-04-27,17996.14,18084.66,17920.26,18041.55,18041.55,1090900
DJI,2016-04-28,18023.88,18035.73,17796.55,17830.76,17830.76,1009200
DJI,2016-04-29,17813.09,17814.83,17651.98,17773.64,17773.64,1366700
DJI,2016-05-02,17783.78,17912.35,17773.71,17891.16,17891.16,801000
DJI,2016-05-03,17870.75,17870.75,17670.88,17750.91,17750.91,970600
DJI,2016-05-04,17735.02,17738.06,17609.01,17651.26,17651.26,950200
DJI,2016-05-05,17664.48,17736.11,17615.82,17660.71,17660.71,815300
DJI,2016-05-06,17650.3,17744.54,17580.38,17740.63,17740.63,800200
DJI,2016-05-09,17743.85,17783.16,17668.38,17705.91,17705.91,855900
DJI,2016-05-10,17726.66,17934.61,17726.66,17928.35,17928.35,757900
DJI,2016-05-11,17919.03,17919.03,17711.05,17711.12,17711.12,873900
DJI,2016-05-12,17711.12,17798.19,17625.38,17720.5,17720.5,885600
DJI,2016-05-13,17711.12,17734.74,17512.48,17535.32,17535.32,866400
DJI,2016-05-16,17531.76,17755.8,17531.76,17710.71,17710.71,884400
DJI,2016-05-17,17701.46,17701.46,17469.92,17529.98,17529.98,1032600
DJI,2016-05-18,17501.28,17636.22,17418.21,17526.62,17526.62,791200
DJI,2016-05-19,17514.16,17514.16,17331.07,17435.4,17435.4,955300
DJI,2016-05-20,17437.32,17571.75,17437.32,17500.94,17500.94,1119900
DJI,2016-05-23,17507.04,17550.7,17480.05,17492.93,17492.93,877900
DJI,2016-05-24,17525.19,17742.59,17525.19,17706.05,17706.05,864800
DJI,2016-05-25,17735.09,17891.71,17735.09,17851.51,17851.51,791800
DJI,2016-05-26,17859.52,17888.66,17803.82,17828.29,17828.29,689400
DJI,2016-05-27,17826.85,17873.22,17824.73,17873.22,17873.22,731900
DJI,2016-05-31,17891.5,17899.24,17724.03,17787.2,17787.2,1473900
DJI,2016-06-01,17754.55,17809.18,17664.79,17789.67,17789.67,785300
DJI,2016-06-02,17789.05,17838.56,17703.55,17838.56,17838.56,755600
DJI,2016-06-03,17799.8,17833.17,17689.68,17807.06,17807.06,822700
DJI,2016-06-06,17825.69,17949.68,17822.81,17920.33,17920.33,718700
DJI,2016-06-07,17936.22,18003.23,17936.22,17938.28,17938.28,787500
DJI,2016-06-08,17931.91,18016,17931.91,18005.05,18005.05,712600
DJI,2016-06-09,17969.98,18005.22,17915.88,17985.19,17985.19,696900
DJI,2016-06-10,17938.82,17938.82,17812.34,17865.34,17865.34,905400
DJI,2016-06-13,17830.5,17893.28,17731.35,17732.48,17732.48,1016900
DJI,2016-06-14,17710.77,17733.92,17595.79,17674.82,17674.82,937400
DJI,2016-06-15,17703.65,17762.96,17629.01,17640.17,17640.17,941300
DJI,2016-06-16,17602.23,17754.91,17471.29,17733.1,17733.1,919500
DJI,2016-06-17,17733.44,17733.44,17602.78,17675.16,17675.16,2486800
DJI,2016-06-20,17736.87,17946.36,17736.87,17804.87,17804.87,993800
DJI,2016-06-21,17827.33,17877.84,17799.8,17829.73,17829.73,851300
DJI,2016-06-22,17832.67,17920.16,17770.36,17780.83,17780.83,894400
DJI,2016-06-23,17844.11,18011.07,17844.11,18011.07,18011.07,980700
DJI,2016-06-24,17946.63,17946.63,17356.34,17400.75,17400.75,2390000
DJI,2016-06-27,17355.21,17355.21,17063.08,17140.24,17140.24,1387400
DJI,2016-06-28,17190.51,17409.72,17190.51,17409.72,17409.72,1121900
DJI,2016-06-29,17456.02,17704.51,17456.02,17694.68,17694.68,1063800
DJI,2016-06-30,17712.76,17930.61,17711.8,17929.99,17929.99,1330300
DJI,2016-07-01,17924.24,18002.38,17916.91,17949.37,17949.37,821600
DJI,2016-07-05,17904.45,17904.45,17785.28,17840.62,17840.62,1036500
DJI,2016-07-06,17807.47,17926.91,17713.45,17918.62,17918.62,930000
DJI,2016-07-07,17924.24,17984.95,17816.65,17895.88,17895.88,815700
DJI,2016-07-08,17971.22,18166.77,17971.22,18146.74,18146.74,934600
DJI,2016-07-11,18161.53,18283.9,18161.53,18226.93,18226.93,808800
DJI,2016-07-12,18259.12,18371.95,18259.12,18347.67,18347.67,901700
DJI,2016-07-13,18356.78,18390.16,18315.76,18372.12,18372.12,809200
DJI,2016-07-14,18414.3,18537.57,18414.3,18506.41,18506.41,870500
DJI,2016-07-15,18508.88,18557.43,18471.62,18516.55,18516.55,1236900
DJI,2016-07-18,18521.55,18556.13,18489.84,18533.05,18533.05,755400
DJI,2016-07-19,18503.12,18562.53,18495.11,18559.01,18559.01,858400
DJI,2016-07-20,18582.7,18622.01,18555.65,18595.03,18595.03,932300
DJI,2016-07-21,18589.96,18590.44,18469.67,18517.23,18517.23,868000
DJI,2016-07-22,18524.15,18571.3,18491.59,18570.85,18570.85,877100
DJI,2016-07-25,18554.49,18555.69,18452.62,18493.06,18493.06,768100
DJI,2016-07-26,18497.37,18522.47,18387.22,18473.75,18473.75,853700
DJI,2016-07-27,18473.27,18542.39,18430.94,18472.17,18472.17,1113700
DJI,2016-07-28,18461.01,18483.26,18368.82,18456.35,18456.35,857500
DJI,2016-07-29,18442.52,18466.55,18371.12,18432.24,18432.24,1115500
DJI,2016-08-01,18434.5,18467.03,18355.75,18404.51,18404.51,834700
DJI,2016-08-02,18401.15,18403.65,18247.79,18313.77,18313.77,896800
DJI,2016-08-03,18313.08,18355,18283.23,18355,18355,785500
DJI,2016-08-04,18351.43,18397.87,18325.17,18352.05,18352.05,645000
DJI,2016-08-05,18402.8,18543.53,18402.8,18543.53,18543.53,924200
DJI,2016-08-08,18541.89,18569.31,18502.03,18529.29,18529.29,718100
DJI,2016-08-09,18538.05,18585.32,18507.75,18533.05,18533.05,600900
DJI,2016-08-10,18541.48,18561.75,18468.78,18495.66,18495.66,627800
DJI,2016-08-11,18519.08,18638.34,18519.08,18613.52,18613.52,714700
DJI,2016-08-12,18595.65,18606.06,18535.86,18576.47,18576.47,615800
DJI,2016-08-15,18588.59,18722.61,18559.93,18636.05,18636.05,623500
DJI,2016-08-16,18614.48,18614.86,18550.65,18552.02,18552.02,675700
DJI,2016-08-17,18537.09,18582.35,18468.68,18573.94,18573.94,710000
DJI,2016-08-18,18566.54,18600.82,18533.29,18597.7,18597.7,707400
DJI,2016-08-19,18585.17,18585.17,18491.24,18552.57,18552.57,931700
DJI,2016-08-22,18535.86,18570.92,18466.86,18529.42,18529.42,734500
DJI,2016-08-23,18568.94,18631.6,18545.52,18547.3,18547.3,739900
DJI,2016-08-24,18537.5,18539.15,18448.27,18481.48,18481.48,722700
DJI,2016-08-25,18471.21,18497.68,18431.46,18448.41,18448.41,644800
DJI,2016-08-26,18467.92,18572.09,18335.34,18395.4,18395.4,787300
DJI,2016-08-29,18421.29,18523.09,18419.92,18502.99,18502.99,644800
DJI,2016-08-30,18491.28,18514.29,18408.52,18454.3,18454.3,689200
DJI,2016-08-31,18436.7,18439.68,18333.56,18400.88,18400.88,982500
DJI,2016-09-01,18396.57,18430.05,18295.48,18419.3,18419.3,747800
DJI,2016-09-02,18466.01,18544.76,18439.1,18491.96,18491.96,743500
DJI,2016-09-06,18493.4,18551.54,18450.32,18538.12,18538.12,837100
DJI,2016-09-07,18527.71,18536.89,18474.77,18526.14,18526.14,675700
DJI,2016-09-08,18486.69,18506.24,18446.69,18479.91,18479.91,790600
DJI,2016-09-09,18404.17,18404.17,18085.45,18085.45,18085.45,1206700
DJI,2016-09-12,18028.95,18358.69,17994.84,18325.07,18325.07,1032600
DJI,2016-09-13,18262.99,18262.99,18028.06,18066.75,18066.75,1028300
DJI,2016-09-14,18073.39,18163.48,17992.21,18034.77,18034.77,1033600
DJI,2016-09-15,18024.91,18250.11,18015.49,18212.48,18212.48,995500
DJI,2016-09-16,18217.21,18217.21,18070.21,18123.8,18123.8,2785100
DJI,2016-09-19,18154.82,18254.88,18093.05,18120.17,18120.17,780900
DJI,2016-09-20,18175.36,18227.21,18128.8,18129.96,18129.96,724500
DJI,2016-09-21,18164.96,18307.43,18121.57,18293.7,18293.7,940900
DJI,2016-09-22,18343.76,18449.88,18343.76,18392.46,18392.46,730300
DJI,2016-09-23,18377.36,18383.76,18254.84,18261.45,18261.45,871700
DJI,2016-09-26,18217.76,18217.76,18083.32,18094.83,18094.83,955100
DJI,2016-09-27,18099.21,18238.1,18052.16,18228.3,18228.3,841300
DJI,2016-09-28,18240.22,18349.86,18179.34,18339.24,18339.24,976500
DJI,2016-09-29,18322.88,18366.23,18091.64,18143.45,18143.45,958800
DJI,2016-09-30,18181.8,18369.62,18181.8,18308.15,18308.15,1354700
DJI,2016-10-03,18279.6,18279.8,18203.75,18253.85,18253.85,685200
DJI,2016-10-04,18267.68,18313.77,18116.26,18168.45,18168.45,797100
DJI,2016-10-05,18205.5,18315.82,18205.5,18281.03,18281.03,761900
DJI,2016-10-06,18280.42,18288.12,18162.97,18268.5,18268.5,786600
DJI,2016-10-07,18295.35,18319.73,18149.35,18240.49,18240.49,826800
DJI,2016-10-10,18282.95,18399.96,18282.95,18329.04,18329.04,721100
DJI,2016-10-11,18308.43,18312.33,18061.96,18128.66,18128.66,886100
DJI,2016-10-12,18132.63,18193.96,18082.09,18144.2,18144.2,722300
DJI,2016-10-13,18088.32,18137.7,17959.95,18098.94,18098.94,831600
DJI,2016-10-14,18177.35,18261.11,18138.38,18138.38,18138.38,870500
DJI,2016-10-17,18135.85,18162.28,18063.02,18086.4,18086.4,759600
DJI,2016-10-18,18145.06,18225.8,18129.45,18161.94,18161.94,746000
DJI,2016-10-19,18178.21,18252.2,18169.25,18202.62,18202.62,880400
DJI,2016-10-20,18161.87,18249.05,18129.07,18162.35,18162.35,888300
DJI,2016-10-21,18152.63,18168.76,18049.77,18145.71,18145.71,1178100
DJI,2016-10-24,18197.14,18275.04,18191.18,18223.03,18223.03,885400
DJI,2016-10-25,18206.52,18241.69,18151.7,18169.27,18169.27,831900
DJI,2016-10-26,18103.8,18236.04,18062.3,18199.33,18199.33,863400
DJI,2016-10-27,18234.81,18253.2,18149.2,18169.68,18169.68,835300
DJI,2016-10-28,18193.79,18257.06,18094.97,18161.19,18161.19,1078500
DJI,2016-10-31,18176.6,18193.68,18130.58,18142.42,18142.42,1100800
DJI,2016-11-01,18158.24,18177.01,17940.84,18037.1,18037.1,1012800
DJI,2016-11-02,18017.72,18044.15,17931.89,17959.64,17959.64,886100
DJI,2016-11-03,17978.75,18006.96,17904.07,17930.67,17930.67,778600
DJI,2016-11-04,17928.35,17986.76,17883.56,17888.28,17888.28,977600
DJI,2016-11-07,17994.64,18263.3,17994.64,18259.6,18259.6,934500
DJI,2016-11-08,18251.38,18400.5,18200.75,18332.74,18332.74,798200
DJI,2016-11-09,18317.26,18650.06,18252.55,18589.69,18589.69,1731100
DJI,2016-11-10,18603.14,18873.66,18603.14,18807.88,18807.88,1643900
DJI,2016-11-11,18781.65,18855.78,18736.96,18847.66,18847.66,1073000
DJI,2016-11-14,18876.77,18934.05,18815.75,18868.69,18868.69,1122500
DJI,2016-11-15,18858.21,18925.26,18806.06,18923.06,18923.06,1006600
DJI,2016-11-16,18909.85,18909.85,18825.89,18868.14,18868.14,873200
DJI,2016-11-17,18866.22,18904.03,18845.27,18903.82,18903.82,899400
DJI,2016-11-18,18905.33,18915.74,18853.83,18867.93,18867.93,1098800
DJI,2016-11-21,18898.68,18960.76,18883.1,18956.69,18956.69,805200
DJI,2016-11-22,18970.39,19043.9,18962.82,19023.87,19023.87,853100
DJI,2016-11-23,19015.52,19083.76,19000.38,19083.18,19083.18,778800
DJI,2016-11-25,19093.72,19152.14,19093.72,19152.14,19152.14,458900
DJI,2016-11-28,19122.14,19138.72,19072.25,19097.9,19097.9,884600
DJI,2016-11-29,19064.07,19144.4,19062.22,19121.6,19121.6,815100
DJI,2016-11-30,19135.64,19225.29,19123.38,19123.58,19123.58,1645700
DJI,2016-12-01,19149.2,19214.3,19138.79,19191.93,19191.93,1088000
DJI,2016-12-02,19161.25,19196.14,19141.18,19170.42,19170.42,849200
DJI,2016-12-05,19244.35,19274.85,19186.73,19216.24,19216.24,3178000
DJI,2016-12-06,19219.91,19255.89,19184.74,19251.78,19251.78,2849600
DJI,2016-12-07,19241.99,19558.42,19229.83,19549.62,19549.62,3852000
DJI,2016-12-08,19559.94,19664.97,19527.83,19614.81,19614.81,3245700
DJI,2016-12-09,19631.35,19757.74,19623.19,19756.85,19756.85,3344700
DJI,2016-12-12,19770.2,19824.59,19747.74,19796.43,19796.43,3336600
DJI,2016-12-13,19852.21,19953.75,19846.45,19911.21,19911.21,3884200
DJI,2016-12-14,19876.13,19966.43,19748.67,19792.53,19792.53,4084300
DJI,2016-12-15,19811.5,19951.29,19811.5,19852.24,19852.24,3573500
DJI,2016-12-16,19909.01,19923.17,19821,19843.41,19843.41,5734700
DJI,2016-12-19,19836.66,19917.78,19832.95,19883.06,19883.06,3023100
DJI,2016-12-20,19920.59,19987.63,19920.42,19974.62,19974.62,2840800
DJI,2016-12-21,19968.97,19986.56,19941.96,19941.96,19941.96,2566400
DJI,2016-12-22,19922.68,19933.83,19882.19,19918.88,19918.88,2582900
DJI,2016-12-23,19908.61,19934.15,19899.06,19933.81,19933.81,1582600
DJI,2016-12-27,19943.46,19980.24,19939.8,19945.04,19945.04,1585400
DJI,2016-12-28,19964.31,19981.11,19827.31,19833.68,19833.68,1883500
DJI,2016-12-29,19835.46,19878.44,19788.94,19819.78,19819.78,1720400
DJI,2016-12-30,19833.17,19852.55,19718.67,19762.6,19762.6,2719100
DJI,2017-01-03,19872.86,19938.53,19775.93,19881.76,19881.76,3391800
DJI,2017-01-04,19890.94,19956.14,19878.83,19942.16,19942.16,2800100
DJI,2017-01-05,19924.56,19948.6,19811.12,19899.29,19899.29,2699200
DJI,2017-01-06,19906.96,19999.63,19834.08,19963.8,19963.8,2777000
DJI,2017-01-09,19931.41,19943.78,19887.38,19887.38,19887.38,2875100
DJI,2017-01-10,19876.35,19957.12,19836.03,19855.53,19855.53,2994100
DJI,2017-01-11,19887.38,19973.42,19833.16,19954.28,19954.28,3361500
DJI,2017-01-12,19926.21,19929.29,19770.47,19891,19891,3062900
DJI,2017-01-13,19912.54,19952.03,19849.38,19885.73,19885.73,2637800
DJI,2017-01-17,19848.82,19882.99,19775.35,19826.77,19826.77,3419000
DJI,2017-01-18,19822.73,19828.2,19739,19804.72,19804.72,2797600
DJI,2017-01-19,19813.55,19824.14,19677.94,19732.4,19732.4,3017500
DJI,2017-01-20,19795.06,19843.94,19759.14,19827.25,19827.25,4352600
DJI,2017-01-23,19794.79,19833.98,19732.36,19799.85,19799.85,3266900
DJI,2017-01-24,19794.68,19949.24,19786.71,19912.71,19912.71,3744600
DJI,2017-01-25,19994.48,20082,19994.48,20068.51,20068.51,3722400
DJI,2017-01-26,20076.25,20125.58,20067.53,20100.91,20100.91,3567300
DJI,2017-01-27,20103.36,20115.97,20072.64,20093.78,20093.78,3431300
DJI,2017-01-30,20028.62,20028.62,19870.39,19971.13,19971.13,3172800
DJI,2017-01-31,19913.16,19918.17,19784.77,19864.09,19864.09,3737500
DJI,2017-02-01,19923.81,19967.73,19845.99,19890.94,19890.94,4266700
DJI,2017-02-02,19858.34,19922.75,19831.09,19884.91,19884.91,3472200
DJI,2017-02-03,19964.21,20081.48,19964.21,20071.46,20071.46,3442200
DJI,2017-02-06,20025.61,20094.95,20002.81,20052.42,20052.42,2817200
DJI,2017-02-07,20107.62,20155.35,20068.68,20090.29,20090.29,2796700
DJI,2017-02-08,20049.29,20068.28,20015.33,20054.34,20054.34,2804100
DJI,2017-02-09,20061.73,20206.36,20061.73,20172.4,20172.4,3253100
DJI,2017-02-10,20211.23,20298.21,20204.76,20269.37,20269.37,3122300
DJI,2017-02-13,20338.54,20441.48,20322.95,20412.16,20412.16,3146200
DJI,2017-02-14,20374.22,20504.41,20374.02,20504.41,20504.41,3565800
DJI,2017-02-15,20504.27,20620.45,20496.03,20611.86,20611.86,3843800
DJI,2017-02-16,20627.31,20639.87,20556.83,20619.77,20619.77,3541200
DJI,2017-02-17,20564.13,20624.05,20532.61,20624.05,20624.05,3406200
DJI,2017-02-21,20663.43,20757.64,20663.37,20743,20743,3368800
DJI,2017-02-22,20715.41,20781.59,20692.39,20775.6,20775.6,3105300
DJI,2017-02-23,20817.21,20840.7,20746.41,20810.32,20810.32,3021100
DJI,2017-02-24,20751.91,20821.76,20733.95,20821.76,20821.76,2925400
DJI,2017-02-27,20808.71,20851.33,20774.76,20837.44,20837.44,2565400
DJI,2017-02-28,20833.88,20841.24,20781.21,20812.24,20812.24,3392100
DJI,2017-03-01,20957.29,21169.11,20957.29,21115.55,21115.55,3928200
DJI,2017-03-02,21128.91,21129.2,20996.61,21002.97,21002.97,3199100
DJI,2017-03-03,21008.75,21039.96,20953.86,21005.71,21005.71,2544200
DJI,2017-03-06,20955.71,20986.43,20912.11,20954.34,20954.34,2666200
DJI,2017-03-07,20934.89,20970.54,20901.26,20924.76,20924.76,2746300
DJI,2017-03-08,20940.44,20951.44,20835.58,20855.73,20855.73,2967800
DJI,2017-03-09,20864.32,20900.57,20777.16,20858.19,20858.19,2759600
DJI,2017-03-10,20919.01,20940.29,20827.66,20902.98,20902.98,3154300
DJI,2017-03-13,20899.28,20926.06,20845.71,20881.48,20881.48,2892600
DJI,2017-03-14,20848.6,20874,20786.31,20837.37,20837.37,2468200
DJI,2017-03-15,20874.78,20977.47,20859.6,20950.1,20950.1,3065900
DJI,2017-03-16,20969.27,21000.11,20893.5,20934.55,20934.55,2643600
DJI,2017-03-17,20965.37,20980.51,20911.07,20914.62,20914.62,5352800
DJI,2017-03-20,20916.27,20955.45,20885.7,20905.86,20905.86,2536100
DJI,2017-03-21,20956.33,20970.04,20653.26,20668.01,20668.01,3693200
DJI,2017-03-22,20640.42,20686.21,20578.95,20661.3,20661.3,3250900
DJI,2017-03-23,20645.07,20757.89,20618.62,20656.58,20656.58,2800500
DJI,2017-03-24,20674.45,20718.33,20529.67,20596.72,20596.72,2929800
DJI,2017-03-27,20488.35,20578.46,20412.8,20550.98,20550.98,2693800
DJI,2017-03-28,20542.14,20735.61,20520.1,20701.5,20701.5,2996700
DJI,2017-03-29,20675.75,20684.73,20625.03,20659.32,20659.32,2383200
DJI,2017-03-30,20662.79,20753.78,20643.6,20728.49,20728.49,2709000
DJI,2017-03-31,20700.34,20722.59,20660.68,20663.22,20663.22,3037700
DJI,2017-04-03,20665.17,20692.34,20517.82,20650.21,20650.21,2856700
DJI,2017-04-04,20634.94,20701.29,20605.3,20689.24,20689.24,2373900
DJI,2017-04-05,20745.06,20887.5,20639.55,20648.15,20648.15,2849800
DJI,2017-04-06,20653.77,20746.46,20612.17,20662.95,20662.95,2517200
DJI,2017-04-07,20647.81,20726.07,20606.95,20656.1,20656.1,2197300
DJI,2017-04-10,20668.22,20750.33,20614.86,20658.02,20658.02,2304800
DJI,2017-04-11,20644.32,20660.03,20512.56,20651.3,20651.3,2551200
DJI,2017-04-12,20637.95,20642.54,20553.03,20591.86,20591.86,2676700
DJI,2017-04-13,20561.69,20612.27,20453.25,20453.25,20453.25,2358100
DJI,2017-04-17,20484.75,20644.41,20484.75,20636.92,20636.92,2292400
DJI,2017-04-18,20561.39,20600.12,20462.28,20523.28,20523.28,2631800
DJI,2017-04-19,20503.52,20546.69,20379.55,20404.49,20404.49,2947900
DJI,2017-04-20,20406.68,20629.78,20406.68,20578.71,20578.71,3124400
DJI,2017-04-21,20578.1,20601.4,20505.33,20547.76,20547.76,3696000
DJI,2017-04-24,20723.59,20792.2,20723.59,20763.89,20763.89,3424000
DJI,2017-04-25,20915.51,21026.97,20909.38,20996.12,20996.12,3481800
DJI,2017-04-26,21009.95,21070.9,20972.27,20975.09,20975.09,3285500
DJI,2017-04-27,20991.12,21005.8,20935.8,20981.33,20981.33,3056900
DJI,2017-04-28,20987.39,20987.76,20926.75,20940.51,20940.51,3299900
DJI,2017-05-01,20962.73,20976.62,20898.38,20913.46,20913.46,2881600
DJI,2017-05-02,20941.19,20960.92,20904.06,20949.89,20949.89,3388100
DJI,2017-05-03,20915,20972.74,20874.18,20957.9,20957.9,3109200
DJI,2017-05-04,20987.83,20990.79,20847.95,20951.47,20951.47,2747200
DJI,2017-05-05,20929.04,21006.94,20905,21006.94,21006.94,2609600
DJI,2017-05-08,20991.26,21017.89,20971.05,21012.28,21012.28,2761500
DJI,2017-05-09,21022.28,21046.85,20938.04,20975.78,20975.78,2730000
DJI,2017-05-10,20958.49,20976.28,20884.15,20943.11,20943.11,2833400
DJI,2017-05-11,20925.72,20933.36,20798.9,20919.42,20919.42,2876800
DJI,2017-05-12,20893.19,20916.1,20869.74,20896.61,20896.61,2885000
DJI,2017-05-15,20923.63,21000.83,20923.63,20981.94,20981.94,3131700
DJI,2017-05-16,20984.48,21033.53,20932.88,20979.75,20979.75,3115800
DJI,2017-05-17,20846.17,20846.17,20601.08,20606.93,20606.93,4232000
DJI,2017-05-18,20579.65,20759.2,20553.45,20663.02,20663.02,4225900
DJI,2017-05-19,20698.28,20857.13,20687.94,20804.84,20804.84,3651800
DJI,2017-05-22,20867.77,20914.26,20860.16,20894.83,20894.83,2761200
DJI,2017-05-23,20908.67,20961.14,20896.22,20937.91,20937.91,2449500
DJI,2017-05-24,20949.21,21022.82,20933.58,21012.42,21012.42,2831800
DJI,2017-05-25,21062.96,21112.32,21051.41,21082.95,21082.95,2689700
DJI,2017-05-26,21070.15,21092.82,21050.49,21080.28,21080.28,2080000
DJI,2017-05-30,21045.49,21063.62,21009.6,21029.47,21029.47,2428100
DJI,2017-05-31,21048.46,21051.7,20942.57,21008.65,21008.65,3715800
DJI,2017-06-01,21030.55,21144.18,20994.22,21144.18,21144.18,2767300
DJI,2017-06-02,21142.09,21225.04,21129.56,21206.29,21206.29,3297000
DJI,2017-06-05,21195.03,21224.41,21168.69,21184.04,21184.04,2697900
DJI,2017-06-06,21145.48,21180.47,21118.46,21136.23,21136.23,2835500
DJI,2017-06-07,21171.57,21189.84,21113.31,21173.69,21173.69,2734000
DJI,2017-06-08,21169.76,21265.69,21138.16,21182.53,21182.53,3303300
DJI,2017-06-09,21208.96,21305.35,21159.45,21271.97,21271.97,3972000
DJI,2017-06-12,21259.95,21277.08,21186.15,21235.67,21235.67,5280800
DJI,2017-06-13,21256.83,21332.77,21256.83,21328.47,21328.47,3235100
DJI,2017-06-14,21342.71,21391.97,21294.09,21374.56,21374.56,2950900
DJI,2017-06-15,21291.69,21367.28,21261.87,21359.9,21359.9,3172000
DJI,2017-06-16,21335.93,21384.42,21308.01,21384.28,21384.28,6032600
DJI,2017-06-19,21444.75,21528.99,21436.08,21528.99,21528.99,2894000
DJI,2017-06-20,21521.25,21535.03,21464.24,21467.14,21467.14,3102000
DJI,2017-06-21,21466.39,21492.62,21390,21410.03,21410.03,2925000
DJI,2017-06-22,21407.98,21456.47,21394.81,21397.29,21397.29,2706800
DJI,2017-06-23,21380.92,21421.79,21333.89,21394.76,21394.76,3684000
DJI,2017-06-26,21434.68,21506.21,21381.25,21409.55,21409.55,2418800
DJI,2017-06-27,21411.19,21440.6,21310.66,21310.66,21310.66,2921700
DJI,2017-06-28,21372.36,21478.75,21372.36,21454.61,21454.61,2715100
DJI,2017-06-29,21487.38,21487.38,21197.08,21287.03,21287.03,3367500
DJI,2017-06-30,21348.6,21426.12,21325.08,21349.63,21349.63,3132600
DJI,2017-07-03,21392.3,21562.75,21391.71,21479.27,21479.27,1868100
DJI,2017-07-05,21492.83,21505.36,21404.76,21478.17,21478.17,2736900
DJI,2017-07-06,21423.93,21433.1,21305.38,21320.04,21320.04,3204500
DJI,2017-07-07,21354.66,21425.82,21350.72,21414.34,21414.34,2422400
DJI,2017-07-10,21381.23,21446.39,21371.11,21408.52,21408.52,2703400
DJI,2017-07-11,21410.17,21441.62,21279.3,21409.07,21409.07,2475700
DJI,2017-07-12,21467.93,21580.79,21467.93,21532.14,21532.14,2678700
DJI,2017-07-13,21537.19,21568.72,21512.36,21553.09,21553.09,2322700
DJI,2017-07-14,21532.77,21681.53,21521.72,21637.74,21637.74,2355900
DJI,2017-07-17,21633.97,21661.81,21617.66,21629.72,21629.72,2447800
DJI,2017-07-18,21589.94,21589.94,21471.14,21574.73,21574.73,2511100
DJI,2017-07-19,21569.25,21640.75,21565.84,21640.75,21640.75,2530400
DJI,2017-07-20,21641.54,21661.91,21576.96,21611.78,21611.78,3139500
DJI,2017-07-21,21591.72,21592.61,21503.78,21580.07,21580.07,3628300
DJI,2017-07-24,21577.78,21577.78,21496.13,21513.17,21513.17,2840800
DJI,2017-07-25,21638.56,21670.62,21577.37,21613.43,21613.43,3043000
DJI,2017-07-26,21690.38,21742.7,21683.29,21711.01,21711.01,2782400
DJI,2017-07-27,21717.42,21798.47,21687.85,21796.55,21796.55,4073200
DJI,2017-07-28,21787.51,21841.18,21756.12,21830.31,21830.31,2856300
DJI,2017-07-31,21863.39,21929.8,21861.71,21891.12,21891.12,3076100
DJI,2017-08-01,21961.42,21990.96,21940.81,21963.92,21963.92,3284100
DJI,2017-08-02,22004.36,22036.1,21967.46,22016.24,22016.24,3368200
DJI,2017-08-03,22007.58,22044.85,21991.32,22026.1,22026.1,2787300
DJI,2017-08-04,22058.39,22092.81,22024.64,22092.81,22092.81,2536400
DJI,2017-08-07,22100.2,22121.15,22081.97,22118.42,22118.42,2130100
DJI,2017-08-08,22095.14,22179.11,22057.29,22085.34,22085.34,2620000
DJI,2017-08-09,22022.34,22057.19,21996.69,22048.7,22048.7,2778000
DJI,2017-08-10,21988.2,21988.2,21843.94,21844.01,21844.01,3033100
DJI,2017-08-11,21883.32,21911.09,21842.74,21858.32,21858.32,2377900
DJI,2017-08-14,21945.64,22019.23,21945.64,21993.71,21993.71,2350300
DJI,2017-08-15,22029.91,22038.92,21971.48,21998.99,21998.99,2690700
DJI,2017-08-16,22031.93,22085.71,22002.47,22024.87,22024.87,2649200
DJI,2017-08-17,21984.74,21984.74,21750.32,21750.73,21750.73,3110300
DJI,2017-08-18,21724.88,21793.35,21641.63,21674.51,21674.51,3090700
DJI,2017-08-21,21671.36,21718.74,21600.34,21703.75,21703.75,2778800
DJI,2017-08-22,21739.78,21912.83,21738.13,21899.89,21899.89,2449800
DJI,2017-08-23,21850.27,21866.66,21808.39,21812.09,21812.09,2348100
DJI,2017-08-24,21839.9,21870.11,21765.82,21783.4,21783.4,2284800
DJI,2017-08-25,21819.08,21906.86,21812.81,21813.67,21813.67,2175700
DJI,2017-08-28,21832.5,21861.49,21767.94,21808.4,21808.4,2187400
DJI,2017-08-29,21718,21879.22,21673.58,21865.37,21865.37,2273400
DJI,2017-08-30,21859.76,21914.26,21839.47,21892.43,21892.43,2428400
DJI,2017-08-31,21936.01,21985.76,21910.5,21948.1,21948.1,3767900
DJI,2017-09-01,21981.77,22038.97,21974.91,21987.56,21987.56,2562400
DJI,2017-09-05,21912.37,21921.09,21709.63,21753.31,21753.31,3328400
DJI,2017-09-06,21815.76,21849.24,21794.07,21807.64,21807.64,3187600
DJI,2017-09-07,21820.38,21850.01,21745.71,21784.78,21784.78,3338100
DJI,2017-09-08,21764.43,21846.63,21731.12,21797.79,21797.79,2894000
DJI,2017-09-11,21927.79,22067.1,21927.79,22057.37,22057.37,3127700
DJI,2017-09-12,22090.56,22134.57,22087.09,22118.86,22118.86,3645800
DJI,2017-09-13,22103.47,22158.18,22095.79,22158.18,22158.18,2918900
DJI,2017-09-14,22144.96,22216.44,22135.26,22203.48,22203.48,2977800
DJI,2017-09-15,22252.44,22275.02,22214.52,22268.34,22268.34,5275400
DJI,2017-09-18,22297.92,22355.62,22283.35,22331.35,22331.35,3027400
DJI,2017-09-19,22349.7,22386.01,22340.71,22370.8,22370.8,2955700
DJI,2017-09-20,22351.38,22413.26,22314.68,22412.59,22412.59,3345600
DJI,2017-09-21,22414.02,22419.51,22356.55,22359.23,22359.23,2873900
DJI,2017-09-22,22334.07,22364.31,22299.58,22349.59,22349.59,2971400
DJI,2017-09-25,22320.47,22359.88,22219.11,22296.09,22296.09,3324300
DJI,2017-09-26,22322.03,22369.35,22279.52,22284.32,22284.32,2859900
DJI,2017-09-27,22330.93,22371.1,22254.93,22340.71,22340.71,3429000
DJI,2017-09-28,22306.83,22394.74,22288.97,22381.2,22381.2,2630100
DJI,2017-09-29,22358.47,22405.63,22332.96,22405.09,22405.09,2747900
DJI,2017-10-02,22423.47,22559.38,22416,22557.6,22557.6,2685300
DJI,2017-10-03,22564.45,22646.32,22562.9,22641.67,22641.67,2388300
DJI,2017-10-04,22645.67,22685.94,22632.8,22661.64,22661.64,2357300
DJI,2017-10-05,22669.08,22777.04,22655.14,22775.39,22775.39,2464000
DJI,2017-10-06,22762.03,22773.67,22730.85,22773.67,22773.67,2214500
DJI,2017-10-09,22779.73,22803.37,22739.38,22761.07,22761.07,3107700
DJI,2017-10-10,22784.76,22850.51,22770.99,22830.68,22830.68,3192700
DJI,2017-10-11,22827.65,22872.89,22821.66,22872.89,22872.89,3160000
DJI,2017-10-12,22854.85,22884.82,22821.13,22841.01,22841.01,2917900
DJI,2017-10-13,22876.43,22905.33,22855.93,22871.72,22871.72,2595600
DJI,2017-10-16,22892.92,22960.12,22887.12,22956.96,22956.96,2471800
DJI,2017-10-17,22952.41,23002.2,22948.23,22997.44,22997.44,2730900
DJI,2017-10-18,23087.13,23172.93,23086.75,23157.6,23157.6,2718700
DJI,2017-10-19,23107.47,23167.24,23052.67,23163.04,23163.04,3504000
DJI,2017-10-20,23205.18,23328.84,23201.78,23328.63,23328.63,4743800
DJI,2017-10-23,23348.95,23368.37,23273.96,23273.96,23273.96,4568300
DJI,2017-10-24,23346.78,23485.25,23343.23,23441.76,23441.76,4068500
DJI,2017-10-25,23431.09,23451.51,23251.11,23329.46,23329.46,3995600
DJI,2017-10-26,23380.89,23459.84,23380.89,23400.86,23400.86,3706000
DJI,2017-10-27,23419.16,23449.4,23353.16,23434.19,23434.19,5188700
DJI,2017-10-30,23405.75,23428.75,23327.87,23348.74,23348.74,4369000
DJI,2017-10-31,23369.22,23406.35,23334.39,23377.24,23377.24,3880500
DJI,2017-11-01,23442.9,23517.71,23388.91,23435.01,23435.01,3612600
DJI,2017-11-02,23463.24,23531.38,23350.98,23516.26,23516.26,3480400
DJI,2017-11-03,23549.59,23557.06,23481.57,23539.19,23539.19,3122500
DJI,2017-11-06,23533.96,23574.86,23520.75,23548.42,23548.42,3251900
DJI,2017-11-07,23574.03,23602.12,23484.19,23557.23,23557.23,2850800
DJI,2017-11-08,23542.6,23575,23510.56,23563.36,23563.36,2646700
DJI,2017-11-09,23492.09,23516.74,23310.02,23461.94,23461.94,3054400
DJI,2017-11-10,23432.71,23452.2,23392.96,23422.21,23422.21,3512800
DJI,2017-11-13,23367.47,23461.68,23343.34,23439.7,23439.7,4912600
DJI,2017-11-14,23388.4,23414.08,23271.57,23409.47,23409.47,5613300
DJI,2017-11-15,23334.59,23344.99,23242.75,23271.28,23271.28,4043000
DJI,2017-11-16,23365.34,23492.19,23365.34,23458.36,23458.36,4020200
DJI,2017-11-17,23433.77,23433.77,23356.01,23358.24,23358.24,3860000
DJI,2017-11-20,23370.71,23456.88,23360.58,23430.33,23430.33,3153300
DJI,2017-11-21,23500.15,23617.8,23500.15,23590.83,23590.83,3296500
DJI,2017-11-22,23597.24,23605.77,23507.61,23526.18,23526.18,2687600
DJI,2017-11-24,23552.75,23599.18,23551.59,23557.99,23557.99,1186100
DJI,2017-11-27,23552.86,23638.92,23545.02,23580.78,23580.78,2963200
DJI,2017-11-28,23625.19,23849.61,23617.11,23836.71,23836.71,3192400
DJI,2017-11-29,23883.26,23959.76,23872.59,23940.68,23940.68,4014100
DJI,2017-11-30,24013.8,24327.82,24013.8,24272.35,24272.35,4882000
DJI,2017-12-01,24305.4,24322.06,23921.9,24231.59,24231.59,4179100
DJI,2017-12-04,24424.11,24534.04,24288.19,24290.05,24290.05,4242500
DJI,2017-12-05,24335.01,24349.74,24155.28,24180.64,24180.64,3711900
DJI,2017-12-06,24171.9,24229.35,24134.49,24140.91,24140.91,3127200
DJI,2017-12-07,24116.6,24262.88,24101.24,24211.48,24211.48,3190600
DJI,2017-12-08,24263.26,24330.12,24225.5,24329.16,24329.16,2935900
DJI,2017-12-11,24338.11,24389.72,24314.74,24386.03,24386.03,3005800
DJI,2017-12-12,24452.96,24552.97,24443.83,24504.8,24504.8,3422200
DJI,2017-12-13,24525.19,24666.02,24518.3,24585.43,24585.43,3252800
DJI,2017-12-14,24631.01,24672.48,24508.66,24508.66,24508.66,3147800
DJI,2017-12-15,24585.71,24688.62,24584.44,24651.74,24651.74,6357400
DJI,2017-12-18,24739.56,24876.07,24739.56,24792.2,24792.2,3548800
DJI,2017-12-19,24834.38,24850.11,24715.6,24754.75,24754.75,3353300
DJI,2017-12-20,24838.09,24852.44,24697.11,24726.65,24726.65,3417900
DJI,2017-12-21,24778.26,24850.91,24766.27,24782.29,24782.29,3395300
DJI,2017-12-22,24764.04,24784.15,24717.51,24754.06,24754.06,2551400
DJI,2017-12-26,24715.84,24778.13,24708.42,24746.21,24746.21,2082900
DJI,2017-12-27,24766.52,24789.52,24731.68,24774.3,24774.3,2258900
DJI,2017-12-28,24807.21,24839.23,24797.13,24837.51,24837.51,2009600
DJI,2017-12-29,24849.63,24871.66,24719.22,24719.22,24719.22,2707600
DJI,2018-01-02,24809.35,24864.19,24741.7,24824.01,24824.01,3411300
DJI,2018-01-03,24850.45,24941.92,24825.55,24922.68,24922.68,4567900
DJI,2018-01-04,24964.86,25105.96,24963.27,25075.13,25075.13,4032800
DJI,2018-01-05,25114.92,25299.79,25112.01,25295.87,25295.87,3580200
DJI,2018-01-08,25308.4,25311.99,25235.41,25283,25283,3413900
DJI,2018-01-09,25312.05,25439.78,25308.41,25385.8,25385.8,3334900
DJI,2018-01-10,25348.13,25404.92,25256.99,25369.13,25369.13,3414700
DJI,2018-01-11,25398.6,25575.42,25396.19,25574.73,25574.73,3468300
DJI,2018-01-12,25638.39,25810.43,25633.08,25803.19,25803.19,3763900
DJI,2018-01-16,25987.62,26086.12,25702.99,25792.86,25792.86,6065200
DJI,2018-01-17,25910.78,26130.45,25865.02,26115.65,26115.65,5227200
DJI,2018-01-18,26149.55,26153.42,25947.32,26017.81,26017.81,4927800
DJI,2018-01-19,25987.35,26071.72,25942.83,26071.72,26071.72,5850000
DJI,2018-01-22,26025.32,26215.23,25974.65,26214.6,26214.6,4312000
DJI,2018-01-23,26214.87,26246.19,26143.9,26210.81,26210.81,4334900
DJI,2018-01-24,26282.07,26392.8,26106.94,26252.12,26252.12,5187900
DJI,2018-01-25,26313.06,26458.25,26259.72,26392.79,26392.79,4013900
DJI,2018-01-26,26466.74,26616.71,26425.35,26616.71,26616.71,4777800
DJI,2018-01-29,26584.28,26608.9,26435.34,26439.48,26439.48,4210000
DJI,2018-01-30,26198.45,26256.99,26028.42,26076.89,26076.89,4483300
DJI,2018-01-31,26268.17,26338.03,26050.98,26149.39,26149.39,4791300
DJI,2018-02-01,26083.04,26306.7,26014.44,26186.71,26186.71,4106200
DJI,2018-02-02,26061.79,26061.79,25490.66,25520.96,25520.96,5228800
DJI,2018-02-05,25337.87,25520.53,23923.88,24345.75,24345.75,7144500
DJI,2018-02-06,24085.17,24946.23,23778.74,24912.77,24912.77,8239400
DJI,2018-02-07,24892.87,25293.96,24785.44,24893.35,24893.35,5046200
DJI,2018-02-08,24902.3,24903.68,23849.23,23860.46,23860.46,6575000
DJI,2018-02-09,23992.67,24382.14,23360.29,24190.9,24190.9,7350300
DJI,2018-02-12,24337.76,24765.16,24290.48,24601.27,24601.27,4966100
DJI,2018-02-13,24540.33,24705.72,24421.03,24640.45,24640.45,3744100
DJI,2018-02-14,24535.82,24925.95,24490.36,24893.49,24893.49,4311600
DJI,2018-02-15,25047.82,25203.95,24809.42,25200.37,25200.37,4167800
DJI,2018-02-16,25165.94,25432.42,25149.26,25219.38,25219.38,4067300
DJI,2018-02-20,25124.91,25179.01,24884.19,24964.75,24964.75,4215100
DJI,2018-02-21,24988.06,25267.99,24792.99,24797.78,24797.78,4560700
DJI,2018-02-22,24855.41,25156.72,24854.83,24962.48,24962.48,3789000
DJI,2018-02-23,25050.51,25313.91,25028.73,25309.99,25309.99,3354200
DJI,2018-02-26,25403.35,25732.8,25398.56,25709.27,25709.27,4733600
DJI,2018-02-27,25735.78,25800.35,25407.83,25410.03,25410.03,4383900
DJI,2018-02-28,25485.15,25576.15,25022.42,25029.2,25029.2,4518700
DJI,2018-03-01,25024.04,25185.35,24442.56,24608.98,24608.98,5062800
DJI,2018-03-02,24394.91,24592.46,24217.76,24538.06,24538.06,4371300
DJI,2018-03-05,24471.31,24961,24387.15,24874.76,24874.76,3839100
DJI,2018-03-06,24965.89,24995.24,24708.41,24884.12,24884.12,3317700
DJI,2018-03-07,24758.15,24849.68,24535.12,24801.36,24801.36,3940700
DJI,2018-03-08,24853.41,24950.49,24703.05,24895.21,24895.21,3273000
DJI,2018-03-09,25004.89,25336.33,25004.89,25335.74,25335.74,3715700
DJI,2018-03-12,25372.44,25449.15,25152.02,25178.61,25178.61,3625800
DJI,2018-03-13,25257.75,25376.4,24947.5,25007.03,25007.03,4478800
DJI,2018-03-14,25086.97,25130.12,24668.83,24758.12,24758.12,3568300
DJI,2018-03-15,24837.29,25053.87,24753.29,24873.66,24873.66,3163100
DJI,2018-03-16,24877.34,25031,24857.09,24946.51,24946.51,6542400
DJI,2018-03-19,24893.69,24893.69,24453.14,24610.91,24610.91,3779900
DJI,2018-03-20,24650.64,24803.61,24650.64,24727.27,24727.27,3425100
DJI,2018-03-21,24723.49,24977.65,24655.4,24682.31,24682.31,3432300
DJI,2018-03-22,24526.01,24526.01,23938.74,23957.89,23957.89,4392800
DJI,2018-03-23,23995.18,24108.47,23509.06,23533.2,23533.2,4825500
DJI,2018-03-26,23825.74,24232.3,23741.22,24202.6,24202.6,4795400
DJI,2018-03-27,24276.62,24446.22,23708.73,23857.71,23857.71,5244800
DJI,2018-03-28,23883.08,24092.47,23728.67,23848.42,23848.42,5300400
DJI,2018-03-29,23949.18,24314.3,23928.13,24103.11,24103.11,4635500
DJI,2018-04-02,24076.6,24123.8,23344.52,23644.19,23644.19,5098200
DJI,2018-04-03,23698.33,24044.35,23664.33,24033.36,24033.36,3941300
DJI,2018-04-04,23654.15,24308.96,23523.16,24264.3,24264.3,3885400
DJI,2018-04-05,24313.91,24622.26,24313.91,24505.22,24505.22,3477900
DJI,2018-04-06,24373.6,24434.4,23738.2,23932.76,23932.76,3959900
DJI,2018-04-09,24037.52,24373.18,23954.83,23979.1,23979.1,3807900
DJI,2018-04-10,24198.95,24511.35,24198.95,24408,24408,3685900
DJI,2018-04-11,24274.19,24366.57,24150.87,24189.45,24189.45,2863600
DJI,2018-04-12,24302.82,24592.12,24302.82,24483.05,24483.05,3361300
DJI,2018-04-13,24582.82,24646.45,24243.74,24360.14,24360.14,3318900
DJI,2018-04-16,24483.15,24675.36,24480.2,24573.04,24573.04,3050700
DJI,2018-04-17,24681.79,24858.97,24681.79,24786.63,24786.63,3424100
DJI,2018-04-18,24820.85,24832.54,24721.09,24748.07,24748.07,3020300
DJI,2018-04-19,24711.3,24762.48,24557.03,24664.89,24664.89,3811100
DJI,2018-04-20,24657.39,24678.07,24375.04,24462.94,24462.94,5377700
DJI,2018-04-23,24488.07,24536.89,24328.54,24448.69,24448.69,3510300
DJI,2018-04-24,24579.94,24579.94,23828.73,24024.13,24024.13,4681800
DJI,2018-04-25,24070.2,24146.34,23823.08,24083.83,24083.83,4371000
DJI,2018-04-26,24128.72,24402.46,24128.72,24322.34,24322.34,3903600
DJI,2018-04-27,24342.14,24359.38,24194.45,24311.19,24311.19,3928100
DJI,2018-04-30,24410.41,24498.23,24163.08,24163.15,24163.15,4166500
DJI,2018-05-01,24117.29,24117.29,23808.19,24099.05,24099.05,3800700
DJI,2018-05-02,24097.63,24185.52,23886.3,23924.98,23924.98,3853500
DJI,2018-05-03,23836.23,23996.15,23531.31,23930.15,23930.15,3892400
DJI,2018-05-04,23865.22,24333.35,23778.87,24262.51,24262.51,3294800
DJI,2018-05-07,24317.66,24479.45,24263.42,24357.32,24357.32,3076700
DJI,2018-05-08,24341.35,24412.34,24198.34,24360.21,24360.21,3449400
DJI,2018-05-09,24399.18,24586.48,24323.87,24542.54,24542.54,3615800
DJI,2018-05-10,24591.66,24794.99,24575.91,24739.53,24739.53,3042100
DJI,2018-05-11,24758.64,24868.65,24717.5,24831.17,24831.17,2741500
DJI,2018-05-14,24879.37,24994.19,24862.52,24899.41,24899.41,2828600
DJI,2018-05-15,24809.55,24809.55,24629.39,24706.41,24706.41,3019000
DJI,2018-05-16,24722.32,24801.19,24672.79,24768.93,24768.93,2808100
DJI,2018-05-17,24752.4,24839.49,24639.4,24713.98,24713.98,3146500
DJI,2018-05-18,24707.72,24774.97,24664.87,24715.09,24715.09,2697000
DJI,2018-05-21,24883.06,25086.49,24883.06,25013.29,25013.29,3089200
DJI,2018-05-22,25047.55,25064.99,24812.06,24834.41,24834.41,2882000
DJI,2018-05-23,24757.71,24889.46,24667.12,24886.81,24886.81,3996100
DJI,2018-05-24,24877.36,24877.36,24605.9,24811.76,24811.76,3470500
DJI,2018-05-25,24781.29,24824.22,24687.81,24753.09,24753.09,2572100
DJI,2018-05-29,24606.59,24635.18,24247.84,24361.45,24361.45,3958100
DJI,2018-05-30,24467.83,24714.48,24459.09,24667.78,24667.78,3248700
DJI,2018-05-31,24620.79,24620.79,24352.15,24415.84,24415.84,4297400
DJI,2018-06-01,24542.09,24673.6,24542.09,24635.21,24635.21,3157100
DJI,2018-06-04,24727.55,24859.37,24722.14,24813.69,24813.69,3404000
DJI,2018-06-05,24820.12,24838.78,24710.82,24799.98,24799.98,3063400
DJI,2018-06-06,24854.14,25146.46,24854.14,25146.39,25146.39,3160900
DJI,2018-06-07,25192.14,25326.09,25164.48,25241.41,25241.41,3576800
DJI,2018-06-08,25209.29,25325.63,25165.7,25316.53,25316.53,3175100
DJI,2018-06-11,25336.67,25402.83,25290.2,25322.31,25322.31,2767400
DJI,2018-06-12,25346.82,25364.37,25247.04,25320.73,25320.73,2657500
DJI,2018-06-13,25328.65,25362.07,25191.42,25201.2,25201.2,3297000
DJI,2018-06-14,25254.65,25332.5,25138.6,25175.31,25175.31,3411700
DJI,2018-06-15,25116.71,25130.82,24894.38,25090.48,25090.48,6593700
DJI,2018-06-18,24944.28,25003.1,24825.77,24987.47,24987.47,3370700
DJI,2018-06-19,24763.59,24763.59,24567.75,24700.21,24700.21,3763800
DJI,2018-06-20,24771.17,24804.76,24628.39,24657.8,24657.8,3595200
DJI,2018-06-21,24639.21,24639.21,24406.63,24461.7,24461.7,3495700
DJI,2018-06-22,24526.97,24663.18,24526.97,24580.89,24580.89,4739700
DJI,2018-06-25,24463.73,24463.73,24084.39,24252.8,24252.8,4391300
DJI,2018-06-26,24281.89,24384.21,24241.22,24283.11,24283.11,3011300
DJI,2018-06-27,24303.11,24569.02,24115.82,24117.59,24117.59,3137900
DJI,2018-06-28,24064.19,24308.16,23997.21,24216.05,24216.05,3050200
DJI,2018-06-29,24323.93,24509.52,24269.71,24271.41,24271.41,3290700
DJI,2018-07-02,24161.53,24319.42,24077.56,24307.18,24307.18,2441100
DJI,2018-07-03,24359.39,24444.88,24150.85,24174.82,24174.82,1609600
DJI,2018-07-05,24285.82,24372.8,24177.44,24356.74,24356.74,2376700
DJI,2018-07-06,24352.47,24520.29,24281.47,24456.48,24456.48,2194500
DJI,2018-07-09,24519.2,24796.52,24518.43,24776.59,24776.59,2405800
DJI,2018-07-10,24806.97,24945.38,24806.97,24919.66,24919.66,2350400
DJI,2018-07-11,24789.48,24815.16,24663.82,24700.45,24700.45,2373700
DJI,2018-07-12,24802.9,24939.97,24802.9,24924.89,24924.89,2331500
DJI,2018-07-13,24926.07,25043.21,24890.06,25019.41,25019.41,2555200
DJI,2018-07-16,25025.58,25072.41,24979.64,25064.36,25064.36,2312700
DJI,2018-07-17,25033.92,25155.39,24989.61,25119.89,25119.89,2504500
DJI,2018-07-18,25133.79,25215.32,25101.12,25199.29,25199.29,2528700
DJI,2018-07-19,25139.15,25154.17,25052.62,25064.5,25064.5,2857600
DJI,2018-07-20,25041.14,25124.1,24986.35,25058.12,25058.12,2740800
DJI,2018-07-23,25036.9,25081.45,24983.33,25044.29,25044.29,2288200
DJI,2018-07-24,25092.43,25286.62,25092.43,25241.94,25241.94,2749400
DJI,2018-07-25,25183.7,25432.87,25113.55,25414.1,25414.1,2736700
DJI,2018-07-26,25468.55,25587.24,25463.16,25527.07,25527.07,2975300
DJI,2018-07-27,25520.52,25580.22,25370.07,25451.06,25451.06,3296800
DJI,2018-07-30,25439.32,25500.16,25287.38,25306.83,25306.83,2968800
DJI,2018-07-31,25345.21,25490.98,25345.21,25415.19,25415.19,3487000
DJI,2018-08-01,25461.63,25488.8,25278.32,25333.82,25333.82,3158800
DJI,2018-08-02,25256.45,25360.48,25120.07,25326.16,25326.16,3077000
DJI,2018-08-03,25360.37,25467.9,25325.17,25462.58,25462.58,2390200
DJI,2018-08-06,25437.43,25540.02,25381.38,25502.18,25502.18,2389900
DJI,2018-08-07,25551.65,25692.72,25551.65,25628.91,25628.91,2399100
DJI,2018-08-08,25615.72,25634.11,25557.48,25583.75,25583.75,2177700
DJI,2018-08-09,25589.79,25613.31,25492.69,25509.23,25509.23,2149700
DJI,2018-08-10,25401.19,25401.19,25222.88,25313.14,25313.14,2344800
DJI,2018-08-13,25327.19,25381.39,25153.93,25187.7,25187.7,2199900
DJI,2018-08-14,25215.69,25339.51,25201.87,25299.92,25299.92,2192100
DJI,2018-08-15,25235.37,25235.37,24965.77,25162.41,25162.41,2958100
DJI,2018-08-16,25294.97,25607.34,25294.97,25558.73,25558.73,3424300
DJI,2018-08-17,25550.8,25728.16,25521.66,25669.32,25669.32,2841600
DJI,2018-08-20,25727.7,25790.17,25716.41,25758.69,25758.69,2485700
DJI,2018-08-21,25786.99,25888.82,25784.9,25822.29,25822.29,2416200
DJI,2018-08-22,25825.06,25836.16,25722.43,25733.6,25733.6,2004800
DJI,2018-08-23,25714.86,25762.56,25608.02,25656.98,25656.98,2132700
DJI,2018-08-24,25688.58,25826.05,25688.58,25790.35,25790.35,2003300
DJI,2018-08-27,25882.71,26067.57,25882.71,26049.64,26049.64,2205100
DJI,2018-08-28,26092.7,26122.24,26037.85,26064.02,26064.02,2114700
DJI,2018-08-29,26082.53,26167.94,26035.3,26124.57,26124.57,2149600
DJI,2018-08-30,26099.01,26104.37,25934.8,25986.92,25986.92,2404400
DJI,2018-08-31,25964.85,26028.83,25879.77,25964.82,25964.82,2734400
DJI,2018-09-04,25916.07,25971.77,25805.95,25952.48,25952.48,2546000
DJI,2018-09-05,25919.84,26011.22,25871.04,25974.99,25974.99,2892100
DJI,2018-09-06,25973.02,26073.68,25880.84,25995.87,25995.87,2623800
DJI,2018-09-07,25951.02,26002.99,25818.39,25916.54,25916.54,2813500
DJI,2018-09-10,25991.91,26039.96,25854.13,25857.07,25857.07,2521700
DJI,2018-09-11,25841.14,26019.92,25754.32,25971.06,25971.06,2659600
DJI,2018-09-12,25989.07,26145.72,25929.43,25998.92,25998.92,2827700
DJI,2018-09-13,26083.94,26191.64,26067.08,26145.99,26145.99,2608000
DJI,2018-09-14,26169.56,26211.11,26068.29,26154.67,26154.67,2286400
DJI,2018-09-17,26151.66,26184.47,26030.35,26062.12,26062.12,2302300
DJI,2018-09-18,26076.21,26317.34,26076.21,26246.96,26246.96,2430000
DJI,2018-09-19,26287.84,26464.41,26280.76,26405.76,26405.76,2513300
DJI,2018-09-20,26519.39,26697.49,26519.39,26656.98,26656.98,2604800
DJI,2018-09-21,26726.25,26769.16,26680.37,26743.5,26743.5,6576200
DJI,2018-09-24,26705.25,26709.94,26548.68,26562.05,26562.05,2548500
DJI,2018-09-25,26601.58,26634.85,26475.58,26492.21,26492.21,2341100
DJI,2018-09-26,26536.86,26606.09,26349.34,26385.28,26385.28,2626200
DJI,2018-09-27,26418.27,26557.01,26379.95,26439.93,26439.93,2263500
DJI,2018-09-28,26407.66,26515.76,26383.57,26458.31,26458.31,2640300
DJI,2018-10-01,26598.36,26737.98,26596.05,26651.21,26651.21,2383200
DJI,2018-10-02,26648.91,26824.78,26627.66,26773.94,26773.94,2582900
DJI,2018-10-03,26833.47,26951.81,26789.08,26828.39,26828.39,2801300
DJI,2018-10-04,26784.08,26793.82,26471.61,26627.48,26627.48,2896000
DJI,2018-10-05,26632.77,26676.16,26301.81,26447.05,26447.05,2671000
DJI,2018-10-08,26399.45,26529.35,26223.09,26486.78,26486.78,2730200
DJI,2018-10-09,26469.19,26539.94,26324.16,26430.57,26430.57,2825600
DJI,2018-10-10,26441.73,26487.87,25567.1,25598.74,25598.74,4382000
DJI,2018-10-11,25518.39,25683.64,24899.77,25052.83,25052.83,5228800
DJI,2018-10-12,25407.63,25467.55,25000.83,25339.99,25339.99,3975100
DJI,2018-10-15,25332.46,25482.42,25243.88,25250.55,25250.55,2873200
DJI,2018-10-16,25351.53,25817.68,25351.53,25798.42,25798.42,3058000
DJI,2018-10-17,25705.87,25810.09,25479.16,25706.68,25706.68,2982100
DJI,2018-10-18,25645.56,25691.46,25236.01,25379.45,25379.45,3280200
DJI,2018-10-19,25421.09,25608.71,25350.02,25444.34,25444.34,3508100
DJI,2018-10-22,25492.14,25561.34,25236.05,25317.41,25317.41,3149400
DJI,2018-10-23,25038.46,25307.7,24768.79,25191.43,25191.43,4364300
DJI,2018-10-24,25172.88,25306.23,24533.19,24583.42,24583.42,4964000
DJI,2018-10-25,24736.54,25104.29,24645.56,24984.55,24984.55,4396700
DJI,2018-10-26,24770.25,24916.16,24445.19,24688.31,24688.31,5053100
DJI,2018-10-29,24818.98,25040.58,24122.23,24442.92,24442.92,4438500
DJI,2018-10-30,24482.04,24906.68,24415.69,24874.64,24874.64,4700500
DJI,2018-10-31,25008.82,25336.55,25008.82,25115.76,25115.76,4489300
DJI,2018-11-01,25142.08,25396.47,25108.11,25380.74,25380.74,3839700
DJI,2018-11-02,25443.6,25578.98,25078.72,25270.83,25270.83,4294800
DJI,2018-11-05,25261.47,25507.35,25261.47,25461.7,25461.7,3347400
DJI,2018-11-06,25452.83,25651.86,25444.9,25635.01,25635.01,2654500
DJI,2018-11-07,25788.46,26200.14,25765.88,26180.3,26180.3,3617800
DJI,2018-11-08,26139.59,26277.82,26081.9,26191.22,26191.22,2956500
DJI,2018-11-09,26149.11,26161.49,25882.91,25989.3,25989.3,3244500
DJI,2018-11-12,25959.33,25966.71,25340.51,25387.18,25387.18,3469100
DJI,2018-11-13,25321.21,25511.03,25193.78,25286.49,25286.49,3396900
DJI,2018-11-14,25388.08,25501.29,24935.82,25080.5,25080.5,3842400
DJI,2018-11-15,25061.48,25354.56,24787.79,25289.27,25289.27,3927500
DJI,2018-11-16,25242.35,25510.23,25147.8,25413.22,25413.22,3544600
DJI,2018-11-19,25392.61,25392.61,24900.98,25017.44,25017.44,3580900
DJI,2018-11-20,24618.68,24707.26,24368.98,24465.64,24465.64,4459200
DJI,2018-11-21,24541.65,24669.79,24463.28,24464.69,24464.69,2893700
DJI,2018-11-23,24336.4,24408.8,24268.74,24285.95,24285.95,1559400
DJI,2018-11-26,24364.13,24673.29,24364.13,24640.24,24640.24,3062800
DJI,2018-11-27,24557.02,24750.73,24416.03,24748.73,24748.73,3082500
DJI,2018-11-28,24832.84,25368.93,24832.84,25366.43,25366.43,3621600
DJI,2018-11-29,25343.65,25479.04,25202.79,25338.84,25338.84,3051100
DJI,2018-11-30,25307.14,25549.71,25250.97,25538.46,25538.46,4822500
DJI,2018-12-03,25779.57,25980.21,25670.51,25826.43,25826.43,3884800
DJI,2018-12-04,25752.56,25773.12,25008.11,25027.07,25027.07,4189000
DJI,2018-12-06,24737.42,24951.01,24242.22,24947.67,24947.67,4716900
DJI,2018-12-07,24918.82,25095.62,24284.78,24388.95,24388.95,3982300
DJI,2018-12-10,24360.95,24500.81,23881.37,24423.26,24423.26,3896900
DJI,2018-12-11,24719.91,24791.26,24221.06,24370.24,24370.24,3429600
DJI,2018-12-12,24509.09,24828.29,24509.09,24527.27,24527.27,3443300
DJI,2018-12-13,24575.86,24740.96,24473.29,24597.38,24597.38,2999700
DJI,2018-12-14,24408.04,24431.14,24033.79,24100.51,24100.51,4169400
DJI,2018-12-17,23986.83,24088.08,23456.88,23592.98,23592.98,4667400
DJI,2018-12-18,23769.13,23927.77,23516.02,23675.64,23675.64,4080700
DJI,2018-12-19,23693.33,24057.34,23162.64,23323.66,23323.66,5035500
DJI,2018-12-20,23224.12,23282.2,22644.31,22859.6,22859.6,5767000
DJI,2018-12-21,22871.74,23254.59,22396.34,22445.37,22445.37,9005100
DJI,2018-12-24,22317.28,22339.87,21792.2,21792.2,21792.2,3084200
DJI,2018-12-26,21857.73,22878.92,21712.53,22878.45,22878.45,4330800
DJI,2018-12-27,22629.06,23138.89,22267.42,23138.82,23138.82,4079400
DJI,2018-12-28,23213.61,23381.88,22981.33,23062.4,23062.4,3365100
DJI,2018-12-31,23153.94,23333.18,23118.3,23327.46,23327.46,2888300
DJI,2019-01-02,23058.61,23413.47,22928.59,23346.24,23346.24,3215700
DJI,2019-01-03,23176.39,23176.39,22638.41,22686.22,22686.22,4242400
DJI,2019-01-04,22894.92,23518.64,22894.92,23433.16,23433.16,3960200
DJI,2019-01-07,23474.26,23687.74,23301.59,23531.35,23531.35,3342000
DJI,2019-01-08,23680.32,23864.65,23581.45,23787.45,23787.45,3174200
DJI,2019-01-09,23844.27,24084.71,23703.16,23879.12,23879.12,3245700
DJI,2019-01-10,23811.11,24014.78,23703.25,24001.92,24001.92,3381500
DJI,2019-01-11,23940.01,23996.32,23798.16,23995.95,23995.95,2626500
DJI,2019-01-14,23880.53,23964.9,23765.24,23909.84,23909.84,2775600
DJI,2019-01-15,23914.11,24099.14,23887.93,24065.59,24065.59,2915700
DJI,2019-01-16,24139.91,24288.61,24119.72,24207.16,24207.16,3028300
DJI,2019-01-17,24147.09,24474.46,24088.9,24370.1,24370.1,2885900
DJI,2019-01-18,24534.19,24750.22,24459.03,24706.35,24706.35,3729700
DJI,2019-01-22,24607.76,24607.76,24244.31,24404.48,24404.48,3384800
DJI,2019-01-23,24577.25,24700.98,24307.17,24575.62,24575.62,3186000
DJI,2019-01-24,24579.96,24626.3,24422.73,24553.24,24553.24,3201700
DJI,2019-01-25,24687.21,24860.15,24676.75,24737.2,24737.2,3768900
DJI,2019-01-28,24596.98,24596.98,24323.94,24528.22,24528.22,3471700
DJI,2019-01-29,24519.62,24674.87,24504.04,24579.96,24579.96,3308700
DJI,2019-01-30,24826.52,25109.62,24790.9,25014.86,25014.86,3973300
DJI,2019-01-31,24954.48,25049.62,24842.09,24999.67,24999.67,5073500
DJI,2019-02-01,25025.31,25193.15,24982.49,25063.89,25063.89,3720900
DJI,2019-02-04,25062.12,25239.91,24977.67,25239.37,25239.37,2985400
DJI,2019-02-05,25287.93,25427.32,25287.65,25411.52,25411.52,3106500
DJI,2019-02-06,25371.57,25439.04,25312.06,25390.3,25390.3,2475900
DJI,2019-02-07,25265.81,25314.26,25000.52,25169.53,25169.53,2954600
DJI,2019-02-08,25042.36,25106.39,24883.04,25106.33,25106.33,2482100
DJI,2019-02-11,25142.81,25196.75,25009.1,25053.11,25053.11,2417000
DJI,2019-02-12,25152.03,25458.98,25152.03,25425.76,25425.76,2781100
DJI,2019-02-13,25480.86,25625.95,25480.86,25543.27,25543.27,2633300
DJI,2019-02-14,25460.65,25558.9,25308.09,25439.39,25439.39,3130100
DJI,2019-02-15,25564.63,25883.72,25564.63,25883.25,25883.25,3285300
DJI,2019-02-19,25849.85,25961.44,25820.01,25891.32,25891.32,2806200
DJI,2019-02-20,25872.26,25986.2,25846.48,25954.44,25954.44,2878800
DJI,2019-02-21,25922.41,25938.88,25762.21,25850.63,25850.63,2557100
DJI,2019-02-22,25906.27,26052.9,25906.27,26031.81,26031.81,2797600
DJI,2019-02-25,26126.15,26241.42,26080.66,26091.95,26091.95,2816000
DJI,2019-02-26,26051.61,26155.29,25966.01,26057.98,26057.98,2578500
DJI,2019-02-27,25995.6,26039.68,25877.24,25985.16,25985.16,2553800
DJI,2019-02-28,25984.28,26029.21,25896.56,25916,25916,3385200
DJI,2019-03-01,26019.67,26143.92,25914.37,26026.32,26026.32,2898900
DJI,2019-03-04,26122.19,26155.98,25611.55,25819.65,25819.65,2955100
DJI,2019-03-05,25829.07,25877.15,25725.63,25806.63,25806.63,2522600
DJI,2019-03-06,25818.76,25837.61,25633.71,25673.46,25673.46,2562500
DJI,2019-03-07,25645.45,25645.45,25352.55,25473.23,25473.23,2891400
DJI,2019-03-08,25347.38,25466.14,25252.46,25450.24,25450.24,2705000
DJI,2019-03-11,25208,25661.63,25208,25650.88,25650.88,3097900
DJI,2019-03-12,25600.3,25675.44,25522.17,25554.66,25554.66,3177300
DJI,2019-03-13,25637.23,25776.49,25571.31,25702.89,25702.89,3314100
DJI,2019-03-14,25692.31,25752.84,25621.31,25709.94,25709.94,3027900
DJI,2019-03-15,25720.96,25927.91,25649.7,25848.87,25848.87,6169100
DJI,2019-03-18,25801.88,25924.77,25785.66,25914.1,25914.1,3031700
DJI,2019-03-19,25987.87,26109.68,25814.92,25887.38,25887.38,3422500
DJI,2019-03-20,25867.79,25929.52,25670.63,25745.67,25745.67,3219800
DJI,2019-03-21,25688.44,26009.9,25657.78,25962.51,25962.51,3352500
DJI,2019-03-22,25844.65,25877.01,25501.45,25502.32,25502.32,3865100
DJI,2019-03-25,25490.72,25603.27,25372.26,25516.83,25516.83,3031200
DJI,2019-03-26,25649.56,25796.29,25544.78,25657.73,25657.73,3051100
DJI,2019-03-27,25676.34,25758.17,25425.27,25625.59,25625.59,2703400
DJI,2019-03-28,25693.32,25743.41,25576.69,25717.46,25717.46,2371700
DJI,2019-03-29,25827.31,25949.32,25771.67,25928.68,25928.68,3006200
DJI,2019-04-01,26075.1,26280.9,26071.69,26258.42,26258.42,2955700
DJI,2019-04-02,26213.55,26221.24,26122.31,26179.13,26179.13,2509400
DJI,2019-04-03,26238.03,26282.17,26138.47,26218.13,26218.13,2719800
DJI,2019-04-04,26213.42,26398.9,26212.78,26384.63,26384.63,2330400
DJI,2019-04-05,26427.56,26487.57,26370.82,26424.99,26424.99,2295500
DJI,2019-04-08,26312.67,26344.65,26246.03,26341.02,26341.02,2293800
DJI,2019-04-09,26243.54,26246.34,26103.14,26150.58,26150.58,2444100
DJI,2019-04-10,26173.71,26209.49,26101.24,26157.16,26157.16,2031300
DJI,2019-04-11,26188.21,26229.88,26062.59,26143.05,26143.05,2116800
DJI,2019-04-12,26357.79,26436.68,26309.72,26412.3,26412.3,3699100
DJI,2019-04-15,26407.76,26424.85,26316.42,26384.77,26384.77,2506200
DJI,2019-04-16,26482.19,26530.71,26397.19,26452.66,26452.66,3023400
DJI,2019-04-17,26468.53,26501.02,26391.86,26449.54,26449.54,3677800
DJI,2019-04-18,26463.37,26602.42,26444.53,26559.54,26559.54,3328500
DJI,2019-04-22,26510.77,26553.05,26458.61,26511.05,26511.05,2325700
DJI,2019-04-23,26513.83,26695.96,26503.56,26656.39,26656.39,3116900
DJI,2019-04-24,26652.56,26680.58,26582.86,26597.05,26597.05,2833700
DJI,2019-04-25,26426.37,26536.48,26310.28,26462.08,26462.08,2967300
DJI,2019-04-26,26454.62,26543.56,26392.55,26543.33,26543.33,3172900
DJI,2019-04-29,26559.87,26602.54,26520.75,26554.39,26554.39,2794500
DJI,2019-04-30,26594.56,26614.04,26419.47,26592.91,26592.91,3403200
DJI,2019-05-01,26639.06,26689.39,26426.38,26430.14,26430.14,3038500
DJI,2019-05-02,26407.15,26454.69,26180.36,26307.79,26307.79,2876100
DJI,2019-05-03,26379.14,26534.96,26370.09,26504.95,26504.95,2489000
DJI,2019-05-06,26160.62,26476.27,26033.95,26438.48,26438.48,2830200
DJI,2019-05-07,26276.9,26276.9,25789.71,25965.09,25965.09,3349600
DJI,2019-05-08,25933.79,26118.1,25889.41,25967.33,25967.33,2764200
DJI,2019-05-09,25878.85,25884.89,25517.39,25828.36,25828.36,3347600
DJI,2019-05-10,25763.72,26019.32,25469.86,25942.37,25942.37,2945800
DJI,2019-05-13,25568.06,25568.06,25222.51,25324.99,25324.99,3612400
DJI,2019-05-14,25384.03,25688.96,25384.03,25532.05,25532.05,2915700
DJI,2019-05-15,25400.13,25724.89,25341.94,25648.02,25648.02,2707200
DJI,2019-05-16,25692.14,25957.63,25692.14,25862.68,25862.68,3209600
DJI,2019-05-17,25719.95,25948.74,25657.78,25764,25764,2837600
DJI,2019-05-20,25655.31,25751.71,25560.55,25679.9,25679.9,2795600
DJI,2019-05-21,25782.34,25898.27,25779.61,25877.33,25877.33,2608700
DJI,2019-05-22,25818.46,25878.21,25755.11,25776.61,25776.61,2417600
DJI,2019-05-23,25657.99,25657.99,25328.09,25490.47,25490.47,3169400
DJI,2019-05-24,25551.07,25670.81,25496.2,25585.69,25585.69,2013700
DJI,2019-05-28,25616.55,25717.63,25342.28,25347.77,25347.77,3589800
DJI,2019-05-29,25231.46,25231.46,24938.24,25126.41,25126.41,2989300
DJI,2019-05-30,25139.94,25218.54,25066.75,25169.88,25169.88,2152400
DJI,2019-05-31,25046.31,25046.31,24809.51,24815.04,24815.04,2922300
DJI,2019-06-03,24830.16,24935.21,24680.57,24819.78,24819.78,3282400
DJI,2019-06-04,24962.82,25343.77,24962.82,25332.18,25332.18,2816900
DJI,2019-06-05,25451,25544.66,25373.58,25539.57,25539.57,2626600
DJI,2019-06-06,25567.45,25800.3,25518.05,25720.66,25720.66,2480700
DJI,2019-06-07,25768.72,26072.75,25768.72,25983.94,25983.94,2630100
DJI,2019-06-10,26090.22,26210.61,26054.31,26062.68,26062.68,2492800
DJI,2019-06-11,26180.59,26248.67,25998.87,26048.51,26048.51,2534900
DJI,2019-06-12,26040.3,26082.1,25958.66,26004.83,26004.83,2236900
DJI,2019-06-13,26036.94,26146.91,25995.71,26106.77,26106.77,2134000
DJI,2019-06-14,26076.36,26162.28,25988.09,26089.61,26089.61,2080200
DJI,2019-06-17,26108.53,26165.78,26049.8,26112.53,26112.53,1995000
DJI,2019-06-18,26228.9,26527.19,26227.8,26465.54,26465.54,2734900
DJI,2019-06-19,26490.16,26569.75,26415.05,26504,26504,2409500
DJI,2019-06-20,26665.38,26798.63,26539.69,26753.17,26753.17,2781700
DJI,2019-06-21,26749.12,26907.37,26705.87,26719.13,26719.13,4855600
DJI,2019-06-24,26727.61,26806.52,26723.37,26727.54,26727.54,2323900
DJI,2019-06-25,26731.61,26752.31,26527.66,26548.22,26548.22,2821600
DJI,2019-06-26,26599.42,26660.04,26536.33,26536.82,26536.82,2743400
DJI,2019-06-27,26523.72,26607.24,26465.32,26526.58,26526.58,2469300
DJI,2019-06-28,26605.93,26638.35,26522.27,26599.96,26599.96,4993500
DJI,2019-07-01,26805.86,26890.64,26616.21,26717.43,26717.43,2676700
DJI,2019-07-02,26719.53,26787.56,26632.65,26786.68,26786.68,2192700
DJI,2019-07-03,26832.32,26966,26831.44,26966,26966,1498400
DJI,2019-07-05,26867.75,26950.81,26733.33,26922.12,26922.12,1921700
DJI,2019-07-08,26835.64,26839.14,26744.87,26806.14,26806.14,2142900
DJI,2019-07-09,26725.12,26807.7,26665.57,26783.49,26783.49,2183300
DJI,2019-07-10,26851.96,26983.45,26813.11,26860.2,26860.2,2079900
DJI,2019-07-11,26950.16,27088.45,26916.32,27088.08,27088.08,2523000
DJI,2019-07-12,27139.49,27333.79,27135.45,27332.03,27332.03,2483900
DJI,2019-07-15,27364.69,27364.69,27294.17,27359.16,27359.16,1997300
DJI,2019-07-16,27349.32,27398.68,27290.24,27335.63,27335.63,2260000
DJI,2019-07-17,27320.91,27343.06,27218.38,27219.85,27219.85,1939300
DJI,2019-07-18,27191.98,27266.81,27068.79,27222.97,27222.97,2160700
DJI,2019-07-19,27246.38,27342.96,27145.78,27154.2,27154.2,2876900
DJI,2019-07-22,27174.18,27227.77,27088.9,27171.9,27171.9,2163100
DJI,2019-07-23,27231.86,27368.81,27204.58,27349.19,27349.19,2488500
DJI,2019-07-24,27262.24,27291.04,27191.12,27269.97,27269.97,2443200
DJI,2019-07-25,27247.39,27298.43,27062.48,27140.98,27140.98,2414200
DJI,2019-07-26,27166,27213.7,27123.25,27192.45,27192.45,2336500
DJI,2019-07-29,27192.24,27275.85,27178.06,27221.35,27221.35,2508500
DJI,2019-07-30,27145.39,27224.36,27069.86,27198.02,27198.02,2932500
DJI,2019-07-31,27244.67,27281.65,26719.6,26864.27,26864.27,3851500
DJI,2019-08-01,26879.86,27175.59,26548.71,26583.42,26583.42,3863200
DJI,2019-08-02,26528.66,26570.02,26249.22,26485.01,26485.01,3276400
DJI,2019-08-05,26259.23,26259.23,25523.38,25717.74,25717.74,4222400
DJI,2019-08-06,25810.62,26038.68,25710.87,26029.52,26029.52,3181600
DJI,2019-08-07,25814.22,26073.21,25440.39,26007.07,26007.07,3447900
DJI,2019-08-08,26086.52,26383.61,26038.1,26378.19,26378.19,2825300
DJI,2019-08-09,26337.09,26413.36,26097.64,26287.44,26287.44,2402600
DJI,2019-08-12,26169.91,26178.95,25824.94,25896.44,25896.44,1993900
DJI,2019-08-13,25888.88,26426.97,25833.25,26279.91,26279.91,3089000
DJI,2019-08-14,26035.08,26035.08,25471.59,25479.42,25479.42,3522500
DJI,2019-08-15,25514.25,25639.69,25339.6,25579.39,25579.39,3326000
DJI,2019-08-16,25678.17,25929.65,25678.17,25886.01,25886.01,2762100
DJI,2019-08-19,26020.06,26222.32,26020.06,26135.79,26135.79,2526400
DJI,2019-08-20,26086.86,26160.12,25952,25962.44,25962.44,2381000
DJI,2019-08-21,26145.36,26268.32,26141.77,26202.73,26202.73,2087900
DJI,2019-08-22,26271.64,26388.78,26099.01,26252.24,26252.24,2228100
DJI,2019-08-23,26134.21,26320.29,25507.18,25628.9,25628.9,3642600
DJI,2019-08-26,25826.05,25941.25,25716.39,25898.83,25898.83,2227800
DJI,2019-08-27,26014.46,26054.02,25721.85,25777.9,25777.9,2635300
DJI,2019-08-28,25712.99,26041.57,25637.43,26036.1,26036.1,2070700
DJI,2019-08-29,26249.09,26408.84,26185.71,26362.25,26362.25,2086500
DJI,2019-08-30,26476.39,26514.62,26295.59,26403.28,26403.28,2161600
DJI,2019-09-03,26198.26,26198.26,25978.22,26118.02,26118.02,2232100
DJI,2019-09-04,26301.99,26362.35,26244.44,26355.47,26355.47,2027100
DJI,2019-09-05,26603.15,26836.3,26603.15,26728.15,26728.15,2566700
DJI,2019-09-06,26790.25,26860.87,26708.39,26797.46,26797.46,2097000
DJI,2019-09-09,26866.23,26900.83,26762.18,26835.51,26835.51,2731200
DJI,2019-09-10,26805.83,26909.43,26717.05,26909.43,26909.43,3223400
DJI,2019-09-11,26928.05,27137.04,26885.48,27137.04,27137.04,2725900
DJI,2019-09-12,27197.32,27306.73,27105.01,27182.45,27182.45,2500100
DJI,2019-09-13,27216.67,27277.55,27193.95,27219.52,27219.52,2552600
DJI,2019-09-16,27146.06,27172.87,27032.56,27076.82,27076.82,2206200
DJI,2019-09-17,27010.12,27110.8,26984.14,27110.8,27110.8,2235800
DJI,2019-09-18,27075.39,27161.93,26899.15,27147.08,27147.08,2128600
DJI,2019-09-19,27186.05,27272.17,27064.21,27094.79,27094.79,2123600
DJI,2019-09-20,27102.18,27194.75,26926.68,26935.07,26935.07,4976400
DJI,2019-09-23,26851.45,27011.07,26831.34,26949.99,26949.99,2042400
DJI,2019-09-24,27034.07,27079.68,26704.96,26807.77,26807.77,3017500
DJI,2019-09-25,26866.71,27016.56,26755.86,26970.71,26970.71,2372200
DJI,2019-09-26,27004.11,27015.07,26803.84,26891.12,26891.12,2291800
DJI,2019-09-27,26987.26,27012.54,26715.82,26820.25,26820.25,2177800
DJI,2019-09-30,26852.33,26998.86,26852.33,26916.83,26916.83,2226800
DJI,2019-10-01,26962.54,27046.21,26562.22,26573.04,26573.04,2601100
DJI,2019-10-02,26425.86,26438.04,25974.12,26078.62,26078.62,3096400
DJI,2019-10-03,26039.02,26205.2,25743.46,26201.04,26201.04,2416100
DJI,2019-10-04,26271.7,26590.74,26271.7,26573.72,26573.72,2213100
DJI,2019-10-07,26502.33,26655.84,26424.54,26478.02,26478.02,1952000
DJI,2019-10-08,26276.59,26421.81,26139.8,26164.04,26164.04,2445900
DJI,2019-10-09,26308.23,26424.31,26249.75,26346.01,26346.01,1900600
DJI,2019-10-10,26317.35,26603.31,26314.51,26496.67,26496.67,2176800
DJI,2019-10-11,26694.2,27013.97,26694.2,26816.59,26816.59,2820800
DJI,2019-10-14,26766.43,26874.33,26749.18,26787.36,26787.36,1786200
DJI,2019-10-15,26811.2,27120.11,26811.2,27024.8,27024.8,2455100
DJI,2019-10-16,26972.31,27058.34,26943.29,27001.98,27001.98,2146600
DJI,2019-10-17,27032.38,27112.16,26970.29,27025.88,27025.88,2225400
DJI,2019-10-18,27004.49,27018.25,26770.13,26770.2,26770.2,2889700
DJI,2019-10-21,26852.67,26852.67,26747.62,26827.64,26827.64,2410300
DJI,2019-10-22,26850.43,26946.64,26782.61,26788.1,26788.1,2655100
DJI,2019-10-23,26835.24,26896.89,26745,26833.95,26833.95,2476800
DJI,2019-10-24,26893.93,26931.78,26714.34,26805.53,26805.53,2535900
DJI,2019-10-25,26789.61,27015.37,26765.68,26958.06,26958.06,2746100
DJI,2019-10-28,27040.33,27167.88,27028.71,27090.72,27090.72,2907700
DJI,2019-10-29,27061.07,27165.94,27039.76,27071.46,27071.46,2696100
DJI,2019-10-30,27110.71,27204.36,26999.64,27186.69,27186.69,2317500
DJI,2019-10-31,27188.37,27188.37,26918.29,27046.23,27046.23,2738300
DJI,2019-11-01,27142.95,27347.43,27142.95,27347.36,27347.36,2708700
DJI,2019-11-04,27402.06,27517.58,27402.06,27462.11,27462.11,2730300
DJI,2019-11-05,27500.23,27560.36,27453.55,27492.63,27492.63,2863500
DJI,2019-11-06,27502.74,27526.05,27407.81,27492.56,27492.56,2379100
DJI,2019-11-07,27590.16,27774.67,27590.16,27674.8,27674.8,2590200
DJI,2019-11-08,27686.2,27694.95,27578.97,27681.24,27681.24,2214400
DJI,2019-11-11,27580.66,27714.39,27517.67,27691.49,27691.49,2023500
DJI,2019-11-12,27701.59,27770.86,27635.32,27691.49,27691.49,2136700
DJI,2019-11-13,27622.04,27806.4,27587.2,27783.59,27783.59,2783900
DJI,2019-11-14,27757.2,27800.71,27676.97,27781.96,27781.96,3039700
DJI,2019-11-15,27843.54,28004.89,27843.54,28004.89,28004.89,2837200
DJI,2019-11-18,27993.22,28040.97,27969.24,28036.22,28036.22,2523200
DJI,2019-11-19,28079.76,28090.21,27894.52,27934.02,27934.02,2458900
DJI,2019-11-20,27879.55,27897.28,27675.28,27821.09,27821.09,2581400
DJI,2019-11-21,27820.28,27828.33,27708.34,27766.29,27766.29,2320200
DJI,2019-11-22,27831.23,27898.46,27773.98,27875.62,27875.62,2147800
DJI,2019-11-25,27917.77,28068.69,27917.77,28066.47,28066.47,2484200
DJI,2019-11-26,28080.75,28146.02,28042.21,28121.68,28121.68,3240500
DJI,2019-11-27,28156.47,28174.97,28075.23,28164,28164,1982100
DJI,2019-11-29,28103.16,28119.51,28042.53,28051.41,28051.41,1206300
DJI,2019-12-02,28109.74,28109.84,27782.35,27783.04,27783.04,2366100
DJI,2019-12-03,27501.98,27524.74,27325.13,27502.81,27502.81,2753500
DJI,2019-12-04,27634.63,27727.45,27612.08,27649.78,27649.78,2182000
DJI,2019-12-05,27736.05,27745.2,27562.8,27677.79,27677.79,2086000
DJI,2019-12-06,27839.68,28035.85,27839.68,28015.06,28015.06,2233100
DJI,2019-12-09,27987.05,28010.42,27906.14,27909.6,27909.6,2170000
DJI,2019-12-10,27900.65,27949.02,27804,27881.72,27881.72,2132500
DJI,2019-12-11,27867.31,27925.5,27801.8,27911.3,27911.3,2135100
DJI,2019-12-12,27898.34,28224.95,27859.87,28132.05,28132.05,2777400
DJI,2019-12-13,28123.64,28290.73,28028.32,28135.38,28135.38,2506600
DJI,2019-12-16,28191.67,28337.49,28191.67,28235.89,28235.89,2867700
DJI,2019-12-17,28221.75,28328.63,28220.56,28267.16,28267.16,2867700
DJI,2019-12-18,28291.44,28323.25,28239.28,28239.28,28239.28,2898900
DJI,2019-12-19,28278.31,28381.48,28278.24,28376.96,28376.96,2625700
DJI,2019-12-20,28608.64,28608.64,28445.6,28455.09,28455.09,6037800
DJI,2019-12-23,28491.78,28582.49,28491.78,28551.53,28551.53,2235300
DJI,2019-12-24,28572.57,28576.8,28503.21,28515.45,28515.45,861500
DJI,2019-12-26,28539.46,28624.1,28535.15,28621.39,28621.39,1559700
DJI,2019-12-27,28675.34,28701.66,28608.98,28645.26,28645.26,1822800
DJI,2019-12-30,28654.76,28664.69,28428.98,28462.14,28462.14,1816000
DJI,2019-12-31,28414.64,28547.35,28376.49,28538.44,28538.44,1933400
DJI,2020-01-02,28638.97,28872.8,28627.77,28868.8,28868.8,2518200
DJI,2020-01-03,28553.33,28716.31,28500.36,28634.88,28634.88,2395900
DJI,2020-01-06,28465.5,28708.02,28418.63,28703.38,28703.38,2527600
DJI,2020-01-07,28639.18,28685.5,28565.28,28583.68,28583.68,2589000
DJI,2020-01-08,28556.14,28866.18,28522.51,28745.09,28745.09,2917500
DJI,2020-01-09,28851.97,28988.01,28844.31,28956.9,28956.9,2750600
DJI,2020-01-10,28977.52,29009.07,28789.1,28823.77,28823.77,2378300
DJI,2020-01-13,28869.01,28909.91,28819.43,28907.05,28907.05,2498300
DJI,2020-01-14,28895.5,29054.16,28872.27,28939.67,28939.67,2874400
DJI,2020-01-15,28901.8,29127.59,28897.35,29030.22,29030.22,2602700
DJI,2020-01-16,29131.95,29300.32,29131.95,29297.64,29297.64,2521100
DJI,2020-01-17,29313.31,29373.62,29289.91,29348.1,29348.1,3218200
DJI,2020-01-21,29269.05,29341.21,29146.47,29196.04,29196.04,3206400
DJI,2020-01-22,29263.63,29320.2,29172.26,29186.27,29186.27,2834400
DJI,2020-01-23,29111.02,29190.47,28966.98,29160.09,29160.09,3070600
DJI,2020-01-24,29230.39,29288.79,28843.31,28989.73,28989.73,3800100
DJI,2020-01-27,28542.49,28671.79,28440.47,28535.8,28535.8,3372700
DJI,2020-01-28,28594.28,28823.23,28575.75,28722.85,28722.85,3301400
DJI,2020-01-29,28820.53,28944.24,28728.19,28734.45,28734.45,3022900
DJI,2020-01-30,28640.16,28879.71,28489.76,28859.44,28859.44,3268500
DJI,2020-01-31,28813.04,28813.04,28169.53,28256.03,28256.03,4038900
DJI,2020-02-03,28319.65,28630.39,28319.65,28399.81,28399.81,3079100
DJI,2020-02-04,28696.74,28904.88,28696.74,28807.63,28807.63,3327500
DJI,2020-02-05,29048.73,29308.89,29000.85,29290.85,29290.85,3575400
DJI,2020-02-06,29388.58,29408.05,29246.93,29379.77,29379.77,2637000
DJI,2020-02-07,29286.92,29286.92,29056.98,29102.51,29102.51,2528600
DJI,2020-02-10,28995.66,29278.07,28995.66,29276.82,29276.82,2505100
DJI,2020-02-11,29390.71,29415.39,29210.47,29276.34,29276.34,2795400
DJI,2020-02-12,29406.75,29568.57,29406.75,29551.42,29551.42,3095300
DJI,2020-02-13,29436.03,29535.4,29345.93,29423.31,29423.31,2911500
DJI,2020-02-14,29440.47,29463.04,29283.18,29398.08,29398.08,2310000
DJI,2020-02-18,29282.78,29330.16,29116.81,29232.19,29232.19,2566000
DJI,2020-02-19,29312.7,29409.09,29274.38,29348.03,29348.03,2406400
DJI,2020-02-20,29296.25,29368.45,28959.65,29219.98,29219.98,2877800
DJI,2020-02-21,29146.53,29146.53,28892.7,28992.41,28992.41,3112100
DJI,2020-02-24,28402.93,28402.93,27912.44,27960.8,27960.8,4525800
DJI,2020-02-25,28037.65,28149.2,26997.62,27081.36,27081.36,5132700
DJI,2020-02-26,27159.46,27542.78,26890.97,26957.59,26957.59,4724500
DJI,2020-02-27,26526,26775.31,25752.82,25766.64,25766.64,6649800
DJI,2020-02-28,25270.83,25494.24,24681.01,25409.36,25409.36,9159900
DJI,2020-03-02,25590.51,26706.17,25391.96,26703.32,26703.32,6372000
DJI,2020-03-03,26762.47,27084.59,25706.28,25917.41,25917.41,6470800
DJI,2020-03-04,26383.68,27102.34,26286.31,27090.86,27090.86,4575900
DJI,2020-03-05,26671.92,26671.92,25943.33,26121.28,26121.28,4773700
DJI,2020-03-06,25457.21,25994.38,25226.62,25864.78,25864.78,5997800
DJI,2020-03-09,24992.36,24992.36,23706.07,23851.02,23851.02,7504300
DJI,2020-03-10,24453,25020.99,23690.34,25018.16,25018.16,6548600
DJI,2020-03-11,24604.63,24604.63,23328.32,23553.22,23553.22,6639600
DJI,2020-03-12,22184.71,22837.95,21154.46,21200.62,21200.62,9082600
DJI,2020-03-13,21973.82,23189.76,21285.37,23185.62,23185.62,8430800
DJI,2020-03-16,20917.53,21768.28,20116.46,20188.52,20188.52,7701300
DJI,2020-03-17,20487.05,21379.35,19882.26,21237.38,21237.38,7930600
DJI,2020-03-18,20188.69,20489.33,18917.46,19898.92,19898.92,8713600
DJI,2020-03-19,19830.01,20442.63,19177.13,20087.19,20087.19,7803000
DJI,2020-03-20,20253.15,20531.26,19094.27,19173.98,19173.98,8722900
DJI,2020-03-23,19028.36,19121.01,18213.65,18591.93,18591.93,7879700
DJI,2020-03-24,19722.19,20737.7,19649.25,20704.91,20704.91,7993400
DJI,2020-03-25,21050.34,22019.93,20538.34,21200.55,21200.55,7963200
DJI,2020-03-26,21468.38,22595.06,21427.1,22552.17,22552.17,7051800
DJI,2020-03-27,21898.47,22327.57,21469.27,21636.78,21636.78,5888300
DJI,2020-03-30,21678.22,22378.09,21522.08,22327.48,22327.48,5455400
DJI,2020-03-31,22208.42,22480.37,21852.08,21917.16,21917.16,5712100
DJI,2020-04-01,21227.38,21487.24,20784.43,20943.51,20943.51,5066800
DJI,2020-04-02,20819.46,21477.77,20735.02,21413.44,21413.44,5295400
DJI,2020-04-03,21285.93,21447.81,20863.09,21052.53,21052.53,4500100
DJI,2020-04-06,21693.63,22783.45,21693.63,22679.99,22679.99,6107600
DJI,2020-04-07,23537.44,23617.24,22634.45,22653.86,22653.86,5946600
DJI,2020-04-08,22893.47,23513.4,22682.99,23433.57,23433.57,4727400
DJI,2020-04-09,23690.66,24008.99,23504.09,23719.37,23719.37,5664000
DJI,2020-04-13,23698.93,23698.93,23095.35,23390.77,23390.77,3943200
DJI,2020-04-14,23690.57,24040.58,23683.44,23949.76,23949.76,4859100
DJI,2020-04-15,23600.72,23649.72,23233.32,23504.35,23504.35,4376300
DJI,2020-04-16,23543.66,23598.08,23211.38,23537.68,23537.68,4710500
DJI,2020-04-17,23817.15,24264.21,23817.15,24242.49,24242.49,5259500
DJI,2020-04-20,24095.1,24108.69,23627.19,23650.44,23650.44,4234100
DJI,2020-04-21,23365.25,23365.25,22941.88,23018.88,23018.88,4851400
DJI,2020-04-22,23437.34,23613.1,23339.6,23475.82,23475.82,3528800
DJI,2020-04-23,23543.09,23885.36,23483.35,23515.26,23515.26,3892900
DJI,2020-04-24,23628.24,23826,23417.68,23775.27,23775.27,3760200
DJI,2020-04-27,23866.15,24207.65,23840.61,24133.78,24133.78,3893900
DJI,2020-04-28,24357.17,24512.24,24031.2,24101.55,24101.55,4002500
DJI,2020-04-29,24490.37,24764.77,24453.99,24633.86,24633.86,4552900
DJI,2020-04-30,24585.57,24585.57,24186.9,24345.72,24345.72,4878400
DJI,2020-05-01,24120.78,24120.78,23645.3,23723.69,23723.69,4181600
DJI,2020-05-04,23581.55,23769.56,23361.16,23749.76,23749.76,3553600
DJI,2020-05-05,23958.88,24169.72,23868.91,23883.09,23883.09,3697100
DJI,2020-05-06,23978.88,24054.59,23661.14,23664.64,23664.64,3774500
DJI,2020-05-07,23837.21,24094.62,23834.39,23875.89,23875.89,3698900
DJI,2020-05-08,24107.82,24349.9,24107.05,24331.32,24331.32,3357600
DJI,2020-05-11,24256.45,24366.21,24070.22,24221.99,24221.99,3524000
DJI,2020-05-12,24292.84,24382.09,23761.58,23764.78,23764.78,3594800
DJI,2020-05-13,23702.16,23708.9,23067.64,23247.97,23247.97,4699500
DJI,2020-05-14,23049.06,23630.86,22789.62,23625.34,23625.34,4727000
DJI,2020-05-15,23454.83,23730.08,23354.15,23685.42,23685.42,4915100
DJI,2020-05-18,24059.98,24708.54,24059.98,24597.37,24597.37,4841900
DJI,2020-05-19,24577.48,24599.5,24202.96,24206.86,24206.86,3741000
DJI,2020-05-20,24455.94,24649.48,24455.94,24575.9,24575.9,3665100
DJI,2020-05-21,24564.27,24718.46,24370.88,24474.12,24474.12,3467700
DJI,2020-05-22,24461.98,24481.64,24294.07,24465.16,24465.16,2556600
DJI,2020-05-26,24781.84,25176.42,24781.84,24995.11,24995.11,4243800
DJI,2020-05-27,25298.63,25551.56,25009.87,25548.27,25548.27,4112300
DJI,2020-05-28,25697.36,25758.79,25358.73,25400.64,25400.64,3778000
DJI,2020-05-29,25324.15,25482.8,25031.67,25383.11,25383.11,5276200
DJI,2020-06-01,25342.99,25508.83,25220.66,25475.02,25475.02,3383100
DJI,2020-06-02,25582.52,25743.13,25523.74,25742.65,25742.65,3526100
DJI,2020-06-03,25906.88,26337.75,25906.88,26269.89,26269.89,3987900
DJI,2020-06-04,26226.49,26384.1,26082.31,26281.82,26281.82,3721900
DJI,2020-06-05,26836.8,27338.3,26836.8,27110.98,27110.98,5423100
DJI,2020-06-08,27232.93,27580.21,27232.48,27572.44,27572.44,4302000
DJI,2020-06-09,27447.37,27447.37,27151.06,27272.3,27272.3,3814300
DJI,2020-06-10,27251.89,27355.22,26938.05,26989.99,26989.99,4489300
DJI,2020-06-11,26282.51,26294.08,25082.72,25128.17,25128.17,6477800
DJI,2020-06-12,25659.42,25965.55,25078.41,25605.54,25605.54,5144400
DJI,2020-06-15,25270.39,25891.58,24843.18,25763.16,25763.16,4612300
DJI,2020-06-16,26326.68,26611.03,25811.7,26289.98,26289.98,4895000
DJI,2020-06-17,26330.52,26400.07,26068.41,26119.61,26119.61,3288300
DJI,2020-06-18,26016.45,26154.2,25848.53,26080.1,26080.1,3283900
DJI,2020-06-19,26213.1,26451.44,25759.66,25871.46,25871.46,6693900
DJI,2020-06-22,25865.08,26059.81,25667.68,26024.96,26024.96,3517800
DJI,2020-06-23,26159.39,26314.97,26105.97,26156.1,26156.1,3899800
DJI,2020-06-24,25992.96,25992.96,25296.73,25445.94,25445.94,4501200
DJI,2020-06-25,25365.22,25769.61,25209.79,25745.6,25745.6,3845600
DJI,2020-06-26,25641.69,25641.69,24971.03,25015.55,25015.55,6408600
DJI,2020-06-29,25152.45,25601.15,25096.16,25595.8,25595.8,3780700
DJI,2020-06-30,25512.43,25905.38,25475.14,25812.88,25812.88,4107800
DJI,2020-07-01,25879.38,26019.31,25713.61,25734.97,25734.97,3731800
DJI,2020-07-02,25936.45,26204.41,25778.12,25827.36,25827.36,3491300
DJI,2020-07-06,25996.08,26297.53,25996.08,26287.03,26287.03,3406900
DJI,2020-07-07,26172.01,26174.93,25866.58,25890.18,25890.18,3468200
DJI,2020-07-08,25950.06,26109.49,25816.25,26067.28,26067.28,3373000
DJI,2020-07-09,26094.92,26103.28,25523.51,25706.09,25706.09,3876100
DJI,2020-07-10,25690.35,26101.32,25637.5,26075.3,26075.3,3381700
DJI,2020-07-13,26225.07,26639.09,26044.23,26085.8,26085.8,4253200
DJI,2020-07-14,26044.17,26690.52,25994.98,26642.59,26642.59,4016400
DJI,2020-07-15,27009.81,27071.33,26692.48,26870.1,26870.1,3849000
DJI,2020-07-16,26746.57,26879.16,26590.01,26734.71,26734.71,2873300
DJI,2020-07-17,26774.62,26808.43,26619.88,26671.95,26671.95,2964600
DJI,2020-07-20,26660.29,26765.02,26504.2,26680.87,26680.87,3093900
DJI,2020-07-21,26833.14,27025.38,26766.22,26840.4,26840.4,3649300
DJI,2020-07-22,26824.56,27035.24,26794.19,27005.84,27005.84,4043400
DJI,2020-07-23,26955.97,26973.85,26560.04,26652.33,26652.33,4198000
DJI,2020-07-24,26533.41,26625.7,26402.86,26469.89,26469.89,4941700
DJI,2020-07-27,26447.67,26625.46,26426.92,26584.77,26584.77,4009300
DJI,2020-07-28,26529.45,26556.84,26361.71,26379.28,26379.28,3610900
DJI,2020-07-29,26388.44,26602.45,26375.39,26539.57,26539.57,3475800
DJI,2020-07-30,26367.42,26374.93,25992.28,26313.65,26313.65,3515400
DJI,2020-07-31,26409.33,26440.02,26013.59,26428.32,26428.32,4880500
DJI,2020-08-03,26542.32,26707.26,26534.38,26664.4,26664.4,4393800
DJI,2020-08-04,26664.61,26832.72,26597.82,26828.47,26828.47,3463500
DJI,2020-08-05,26924.78,27221.67,26924.78,27201.52,27201.52,3660000
DJI,2020-08-06,27170.82,27394.1,27145.25,27386.98,27386.98,3224600
DJI,2020-08-07,27321.68,27456.24,27223.55,27433.48,27433.48,3211700
DJI,2020-08-10,27488.21,27803.86,27488.21,27791.44,27791.44,3603400
DJI,2020-08-11,27961.64,28154.88,27624.51,27686.91,27686.91,4282200
DJI,2020-08-12,27860.24,28043.89,27843.32,27976.84,27976.84,3402100
DJI,2020-08-13,27922.51,27986.1,27789.78,27896.72,27896.72,3601600
DJI,2020-08-14,27828.93,27977.81,27759.39,27931.02,27931.02,2755400
DJI,2020-08-17,27970.05,27999.81,27816.4,27844.91,27844.91,2868600
DJI,2020-08-18,27853.48,27891.12,27668.79,27778.07,27778.07,2761700
DJI,2020-08-19,27811.26,27920.42,27647.67,27692.88,27692.88,3114600
DJI,2020-08-20,27622.68,27781.46,27526.25,27739.73,27739.73,3045500
DJI,2020-08-21,27758.13,27959.48,27686.78,27930.33,27930.33,3727200
DJI,2020-08-24,28077.58,28314.94,28041.75,28308.46,28308.46,3838800
DJI,2020-08-25,28347.42,28400.74,28094.57,28248.44,28248.44,3384200
DJI,2020-08-26,28257.88,28353.8,28153.91,28331.92,28331.92,3270700
DJI,2020-08-27,28384.07,28634.22,28363.93,28492.27,28492.27,4043400
DJI,2020-08-28,28601.29,28733.35,28487.98,28653.87,28653.87,3697400
DJI,2020-08-31,28643.66,28643.66,28363.55,28430.05,28430.05,5173200
DJI,2020-09-01,28439.61,28659.26,28290.72,28645.66,28645.66,4234100
DJI,2020-09-02,28736.79,29162.88,28713.53,29100.5,29100.5,5395100
DJI,2020-09-03,29090.7,29199.35,28074.76,28292.73,28292.73,6500800
DJI,2020-09-04,28341.05,28539.75,27664.68,28133.31,28133.31,6946400
DJI,2020-09-08,27925.23,27925.23,27464.9,27500.89,27500.89,5808600
DJI,2020-09-09,27711.71,28206.21,27704.54,27940.47,27940.47,4605900
DJI,2020-09-10,28022.51,28174.78,27447.08,27534.58,27534.58,4428500
DJI,2020-09-11,27613.86,27828.82,27448.15,27665.64,27665.64,4353300
DJI,2020-09-14,27718.74,28086.06,27718.74,27993.33,27993.33,3807500
DJI,2020-09-15,28139.76,28231.06,27931.45,27995.6,27995.6,4145200
DJI,2020-09-16,28031.69,28364.77,28021.67,28032.38,28032.38,4166500
DJI,2020-09-17,27834.18,28056.79,27647.93,27901.98,27901.98,4372300
DJI,2020-09-18,27864.87,27946.69,27487.97,27657.42,27657.42,6987100
DJI,2020-09-21,27484.71,27484.71,26715.15,27147.7,27147.7,5236600
DJI,2020-09-22,27170.34,27333.09,26989.93,27288.18,27288.18,4207200
DJI,2020-09-23,27413.6,27464.46,26716.12,26763.13,26763.13,4594700
DJI,2020-09-24,26716.09,27094.85,26537.01,26815.44,26815.44,4478100
DJI,2020-09-25,26694.51,27239.29,26635.38,27173.96,27173.96,3889000
DJI,2020-09-28,27362.14,27722.6,27362.14,27584.06,27584.06,4018600
DJI,2020-09-29,27560.24,27605.6,27338.09,27452.66,27452.66,3038200
DJI,2020-09-30,27514.64,28026.33,27511.06,27781.7,27781.7,4525500
DJI,2020-10-01,27940.63,28041.46,27669.26,27816.9,27816.9,3734500
DJI,2020-10-02,27536.39,27861.43,27382.94,27682.81,27682.81,3927700
DJI,2020-10-05,27825.42,28162.64,27825.42,28148.64,28148.64,3182100
DJI,2020-10-06,28214.24,28354.48,27728.03,27772.76,27772.76,4350300
DJI,2020-10-07,27971.36,28369.66,27971.36,28303.46,28303.46,3287500
DJI,2020-10-08,28348.86,28459.13,28265.56,28425.51,28425.51,3147500
DJI,2020-10-09,28533.61,28676.29,28440.63,28586.9,28586.9,3240500
DJI,2020-10-12,28671.12,28957.9,28659.67,28837.52,28837.52,4936800
DJI,2020-10-13,28764.95,28808.84,28604.35,28679.81,28679.81,5261100
DJI,2020-10-14,28731.3,28792.56,28461.73,28514,28514,3708000
DJI,2020-10-15,28323.4,28535.85,28181.54,28494.2,28494.2,3289400
DJI,2020-10-16,28570.72,28842.9,28570.72,28606.31,28606.31,3561400
DJI,2020-10-19,28633.55,28711.93,28139.4,28195.42,28195.42,3587000
DJI,2020-10-20,28245.85,28575.03,28243.04,28308.79,28308.79,3502200
DJI,2020-10-21,28270.66,28450.64,28196.39,28210.82,28210.82,2994200
DJI,2020-10-22,28197.42,28421.31,28040.18,28363.66,28363.66,3303200
DJI,2020-10-23,28409.65,28436.52,28149.82,28335.57,28335.57,3473000
DJI,2020-10-26,28185.82,28185.82,27370.16,27685.38,27685.38,4041500
DJI,2020-10-27,27651.18,27707.69,27457.96,27463.19,27463.19,3664000
DJI,2020-10-28,27102.14,27102.14,26497.39,26519.95,26519.95,4961500
DJI,2020-10-29,26480.98,26891.89,26290.78,26659.11,26659.11,4197700
DJI,2020-10-30,26572.27,26639.18,26143.77,26501.6,26501.6,5048200
DJI,2020-11-02,26691.28,27043.48,26691.28,26925.05,26925.05,3799900
DJI,2020-11-03,27138.69,27640.21,27138.69,27480.03,27480.03,3509800
DJI,2020-11-04,27512.83,28301.5,27512.83,27847.66,27847.66,4478600
DJI,2020-11-05,28083.37,28495.05,28083.37,28390.18,28390.18,3901400
DJI,2020-11-06,28399.13,28431.96,28189.5,28323.4,28323.4,3267100
DJI,2020-11-09,29467.9,29933.83,29130.66,29157.97,29157.97,6733100
DJI,2020-11-10,29254.17,29478.86,29126.99,29420.92,29420.92,5269800
DJI,2020-11-11,29524.35,29593.11,29281.22,29397.63,29397.63,3767000
DJI,2020-11-12,29231.91,29311.83,28902.13,29080.17,29080.17,3693200
DJI,2020-11-13,29203.9,29559.25,29203.9,29479.81,29479.81,3488100
DJI,2020-11-16,29672.36,29964.29,29672.36,29950.44,29950.44,4182900
DJI,2020-11-17,29800.15,29872.42,29520.29,29783.35,29783.35,3723800
DJI,2020-11-18,29875.4,29930.85,29432.84,29438.42,29438.42,3828500
DJI,2020-11-19,29370.92,29524.9,29228.38,29483.23,29483.23,3313300
DJI,2020-11-20,29437.57,29469.89,29231.2,29263.48,29263.48,3053500
DJI,2020-11-23,29332.82,29667.75,29332.82,29591.27,29591.27,3872000
DJI,2020-11-24,29746.11,30116.51,29746.11,30046.24,30046.24,4327600
DJI,2020-11-25,30058.87,30058.87,29806.25,29872.47,29872.47,3230300
DJI,2020-11-27,29911.33,30015.13,29819.98,29910.37,29910.37,1770400
DJI,2020-11-30,29854.51,29854.51,29463.64,29638.64,29638.64,5513500
DJI,2020-12-01,29797.5,30083.31,29797.5,29823.92,29823.92,4295100
DJI,2020-12-02,29695.09,29902.51,29599.29,29883.79,29883.79,3852800
DJI,2020-12-03,29920.83,30110.88,29877.27,29969.52,29969.52,4056800
DJI,2020-12-04,29989.56,30218.26,29989.56,30218.26,30218.26,3565900
DJI,2020-12-07,30233.03,30233.03,29967.22,30069.79,30069.79,3658100
DJI,2020-12-08,29997.95,30246.22,29972.07,30173.88,30173.88,3111900
DJI,2020-12-09,30229.81,30319.7,29951.85,30068.81,30068.81,3805200
DJI,2020-12-10,30032.55,30063.87,29876.82,29999.26,29999.26,3255500
DJI,2020-12-11,29988.21,30071.13,29820.84,30046.37,30046.37,3938700
DJI,2020-12-14,30123.91,30325.79,29849.15,29861.55,29861.55,3719800
DJI,2020-12-15,29919.09,30243.26,29894.95,30199.31,30199.31,4177700
DJI,2020-12-16,30191.38,30236.03,30080.11,30154.54,30154.54,3445900
DJI,2020-12-17,30216,30323.78,30216,30303.37,30303.37,3455300
DJI,2020-12-18,30314.26,30343.59,30029.44,30179.05,30179.05,7820700
DJI,2020-12-21,30159,30304.14,29755.53,30216.45,30216.45,4374800
DJI,2020-12-22,30200.2,30200.2,29992.89,30015.51,30015.51,3888100
DJI,2020-12-23,30046.73,30292.53,30046.73,30129.83,30129.83,2740500
DJI,2020-12-24,30155.92,30209.67,30099.3,30199.87,30199.87,1455700
DJI,2020-12-28,30283.23,30525.56,30283.23,30403.97,30403.97,3024900
DJI,2020-12-29,30492.07,30588.79,30274.24,30335.67,30335.67,3576100
DJI,2020-12-30,30415.09,30525.35,30393.04,30409.56,30409.56,2918900
DJI,2020-12-31,30417.64,30637.47,30344.5,30606.48,30606.48,2844700
DJI,2021-01-04,30627.47,30674.28,29881.82,30223.89,30223.89,4750800
DJI,2021-01-05,30204.25,30504.89,30141.78,30391.6,30391.6,3509100
DJI,2021-01-06,30362.78,31022.65,30313.07,30829.4,30829.4,5004300
DJI,2021-01-07,30901.18,31193.4,30897.86,31041.13,31041.13,4278100
DJI,2021-01-08,31069.58,31140.67,30793.27,31097.97,31097.97,3811500
DJI,2021-01-11,31015.37,31096.98,30832.06,31008.69,31008.69,3565400
DJI,2021-01-12,31015.01,31114.56,30888.76,31068.69,31068.69,3626200
DJI,2021-01-13,31084.88,31153.37,30992.05,31060.47,31060.47,4132500
DJI,2021-01-14,31085.67,31223.78,30982.24,30991.52,30991.52,4278100
DJI,2021-01-15,30926.77,30941.98,30612.67,30814.26,30814.26,4330000
DJI,2021-01-19,30887.42,31086.62,30865.03,30930.52,30930.52,3864000
DJI,2021-01-20,31017.54,31235.98,30997.79,31188.38,31188.38,3849800
DJI,2021-01-21,31198.01,31272.22,31120.92,31176.01,31176.01,4187800
DJI,2021-01-22,31141.56,31141.56,30908.47,30996.98,30996.98,4360400
DJI,2021-01-25,30989.85,30989.85,30564.06,30960,30960,4728900
DJI,2021-01-26,30968.55,31121.42,30921.71,30937.04,30937.04,3731500
DJI,2021-01-27,30893.78,30893.78,30206.91,30303.17,30303.17,5664700
DJI,2021-01-28,30377.19,30951.41,30377.19,30603.36,30603.36,4651400
DJI,2021-01-29,30553.91,30553.91,29856.3,29982.62,29982.62,5363200
DJI,2021-02-01,30054.73,30335.91,30014.97,30211.91,30211.91,3470600
DJI,2021-02-02,30276.88,30840.54,30276.88,30687.48,30687.48,3331600
DJI,2021-02-03,30689.65,30793.41,30521.31,30723.6,30723.6,3055900
DJI,2021-02-04,30737.78,31065.96,30737.78,31055.86,31055.86,3383300
DJI,2021-02-05,31093.81,31252.18,31083.22,31148.24,31148.24,2935500
DJI,2021-02-08,31191.2,31386.1,31191.2,31385.76,31385.76,3222500
DJI,2021-02-09,31359.88,31439.47,31245.86,31375.83,31375.83,3082100
DJI,2021-02-10,31428.02,31511.44,31221.32,31437.8,31437.8,3264500
DJI,2021-02-11,31466.49,31543.82,31244.36,31430.7,31430.7,2803200
DJI,2021-02-12,31420.8,31475.31,31347.8,31458.4,31458.4,2630900
DJI,2021-02-16,31472.08,31608.63,31443.48,31522.75,31522.75,3292100
DJI,2021-02-17,31485.61,31643.7,31338.76,31613.02,31613.02,3435100
DJI,2021-02-18,31558.6,31558.6,31285.32,31493.34,31493.34,3259900
DJI,2021-02-19,31504.13,31647.53,31469.34,31494.32,31494.32,3530700
DJI,2021-02-22,31381.12,31653.48,31286.57,31521.69,31521.69,3872100
DJI,2021-02-23,31501.89,31653.38,31158.76,31537.35,31537.35,4604100
DJI,2021-02-24,31499.75,32009.64,31421.29,31961.86,31961.86,4101500
DJI,2021-02-25,31955.94,31984.77,31293.32,31402.01,31402.01,4541100
DJI,2021-02-26,31401.29,31450.89,30911.37,30932.37,30932.37,5322500
DJI,2021-03-01,31065.9,31668.34,31065.9,31535.51,31535.51,3856700
DJI,2021-03-02,31535.37,31623.27,31377.16,31391.52,31391.52,3372700
DJI,2021-03-03,31352.96,31563.31,31260.14,31270.09,31270.09,4096600
DJI,2021-03-04,31289.01,31461.97,30547.53,30924.14,30924.14,5378500
DJI,2021-03-05,31029.18,31580.33,30766.81,31496.3,31496.3,5018100
DJI,2021-03-08,31512.15,32148.04,31512.15,31802.44,31802.44,4969800
DJI,2021-03-09,31892.35,32150.32,31822.64,31832.74,31832.74,4586900
DJI,2021-03-10,31906.96,32389.5,31906.96,32297.02,32297.02,4091100
DJI,2021-03-11,32354.5,32661.59,32345.7,32485.59,32485.59,4000200
DJI,2021-03-12,32462.4,32793.32,32462.4,32778.64,32778.64,3464000
DJI,2021-03-15,32798.84,32973.4,32629.75,32953.46,32953.46,3600800
DJI,2021-03-16,32966.75,32966.75,32778.23,32825.95,32825.95,3863700
DJI,2021-03-17,32825.52,33047.58,32782.18,33015.37,33015.37,3912000
DJI,2021-03-18,32928.16,33227.78,32831.25,32862.3,32862.3,4184800
DJI,2021-03-19,32858.36,32858.36,32505.07,32627.97,32627.97,8118900
DJI,2021-03-22,32601.82,32810.35,32512.53,32731.2,32731.2,3835000
DJI,2021-03-23,32691.5,32753.77,32356.28,32423.15,32423.15,3858400
DJI,2021-03-24,32470.88,32787.99,32418.15,32420.06,32420.06,3993900
DJI,2021-03-25,32346.81,32672.69,32071.41,32619.48,32619.48,4119900
DJI,2021-03-26,32681.07,33098.83,32681.07,33072.88,33072.88,3821700
